id,name_en,name_bn,name_hi,name_kn,name_es,name_fr,name_de,name_it,name_ja,aliases,aliases_i18n,cuisine,category,unit,unit_label_en,grams_per_unit,carbs_g,fibre_g,protein_g,fat_g,kcal,gi_band,source,method,notes
white_rice_katori,Steamed white rice,ভাত,चावल (पका हुआ),ಅನ್ನ,Arroz blanco al vapor,Riz blanc à la vapeur,Gedämpfter weißer Reis,Riso bianco al vapore,ご飯（白米）,rice;bhat;bhaat;bhath;chawal;chaawal;chaval;annam;anna;anna saaru;saadam;sadam;plain rice;steamed rice;boiled rice;cooked rice;white rice;sada bhat,arroz;arroz blanco;arroz hervido;arroz cocido;arroz al vapor;riz;riz blanc;riz cuit;riz nature;riz vapeur;reis;weißer reis;weisser reis;gekochter reis;gedämpfter reis;riso;riso bianco;riso in bianco;riso bollito;riso al vapore;ご飯;ごはん;白ご飯;白米;ライス;白いご飯,pan,staple,katori,1 katori (150 g cooked),150,41.4,0.6,4.0,0.4,194,high,"USDA FDC 2708408 (FNDDS 2021-2023: Rice, white, cooked, no added fat); per-100 g x 150 g",per100g_scaled,"GI: Atkinson 2008 Table 1 white rice, boiled 73+/-4 (high)."
white_rice_plate,Steamed white rice (full plate),ভাত (এক থালা),चावल (एक प्लेट),ಅನ್ನ (ಒಂದು ತಟ್ಟೆ),Arroz blanco al vapor (plato completo),Riz blanc à la vapeur (assiette pleine),Gedämpfter weißer Reis (ganzer Teller),Riso bianco al vapore (piatto pieno),ご飯（白米・皿一杯分）,rice plate;plate of rice;full plate rice;bhat thala;thali rice;rice meal,plato de arroz;plato de arroz blanco;plato completo de arroz;assiette de riz;assiette de riz blanc;grande assiette de riz;teller reis;ein teller reis;teller mit reis;reisteller;piatto di riso;piatto di riso bianco;piatto pieno di riso;ご飯大盛り;大盛りご飯;ご飯一皿;皿一杯のご飯,pan,staple,plate,1 plate (250 g cooked),250,69.0,1.0,6.7,0.7,322,high,"USDA FDC 2708408 (FNDDS 2021-2023: Rice, white, cooked, no added fat); per-100 g x 250 g",per100g_scaled,"GI: Atkinson 2008 Table 1 white rice, boiled 73+/-4 (high)."
brown_rice_katori,Brown rice,লাল চালের ভাত,ब्राउन राइस,ಕಂದು ಅಕ್ಕಿ ಅನ್ನ,Arroz integral,Riz complet,Naturreis,Riso integrale,玄米（ご飯）,brown rice;unpolished rice;hand pounded rice;brown chawal;lal chaler bhat,arroz integral;arroz moreno;riz complet;riz brun;naturreis;vollkornreis;brauner reis;riso integrale;riso grezzo;玄米;玄米ご飯;ブラウンライス,pan,staple,katori,1 katori (150 g cooked),150,37.1,1.5,3.6,1.7,184,medium,"USDA FDC 2708414 (FNDDS 2021-2023: Rice, brown, cooked, no added fat); per-100 g x 150 g",per100g_scaled,"GI: Atkinson 2008 Table 1 brown rice, boiled 68+/-4 (medium)."
jeera_rice_katori,Jeera rice,জিরে ভাত,जीरा राइस,ಜೀರಾ ರೈಸ್,Arroz jeera (arroz con comino),Riz jeera (riz au cumin),Jeera-Reis (Kreuzkümmelreis),Riso jeera (riso al cumino),ジーラライス（クミンご飯）,jeera rice;jira rice;zeera rice;cumin rice;jeera pulao;jeera chawal,arroz con comino;arroz al comino;arroz jeera;riz au cumin;riz jeera;kreuzkümmelreis;jeera reis;reis mit kreuzkümmel;riso al cumino;riso jeera;ジーラライス;クミンライス;クミンご飯,north,staple,katori,1 katori (150 g),150,35.4,2.1,3.7,4.8,203,unknown,INDB 2024 recipe BFP134 (Cumin pulao (Jeera/Zeera pulao)); per-100 g x 150 g,per100g_scaled,"INDB per-100 g values are per raw-ingredient weight (no yield factor); if the dish is reduced more than usual, true values per cooked gram are somewhat higher."
veg_pulao_katori,Vegetable pulao,সবজি পোলাও,वेज पुलाव,ವೆಜ್ ಪಲಾವ್,Pulao de verduras (arroz especiado con verduras),Pulao aux légumes (riz épicé aux légumes),Gemüse-Pulao (gewürzter Reis mit Gemüse),Pulao di verdure (riso speziato con verdure),野菜プラオ（野菜の炊き込みご飯）,pulao;pulav;pilaf;veg pulao;veg pulav;vegetable pulav;polao;pulaw;tarkari pulao,pulao de verduras;arroz con verduras;pilaf de verduras;pulao aux légumes;riz aux légumes;pilaf de légumes;pilaf aux légumes;gemüse pulao;gemüsepulao;gemüsereis;reis mit gemüse;gemüse pilaw;pulao di verdure;riso con verdure;riso alle verdure;pilaf di verdure;プラオ;プラーオ;野菜プラオ;野菜ピラフ;ピラフ,pan,staple,katori,1 katori (150 g),150,26.2,4.0,4.1,5.0,170,unknown,INDB 2024 recipe ASC115 (Mixed vegetable pulao); per-100 g x 150 g,per100g_scaled,"INDB per-100 g values are per raw-ingredient weight (no yield factor); if the dish is reduced more than usual, true values per cooked gram are somewhat higher."
khichdi_plate,Khichdi (rice + moong dal),খিচুড়ি,खिचड़ी,ಕಿಚಡಿ,Khichdi (arroz con dal moong),Khichdi (riz et dal moong),Khichdi (Reis mit Moong-Dal),Khichdi (riso e dal moong),キチュリ（米とムング豆の粥）,khichdi;khichri;khichuri;khichudi;khichari;kichdi;kitchari;moong dal khichdi;dal khichdi;bhuna khichuri,arroz con dal;arroz con dal moong;arroz con lentejas mungo;riz au dal;riz au dal moong;riz aux lentilles mungo;reis mit dal;reis mit mungdal;reis mit mungbohnen;riso con dal;riso con dal moong;riso e fagioli mung;キチュリ;キチュディ;キッチャリー,pan,staple,plate,1 plate (60 g rice + 20 g moong dal + 5 g ghee),350,57.6,4.9,9.9,5.8,327,unknown,"INDB 2024 recipe BFP144 (Plain khitchdi (Plain khichri/khichdi)); INDB per-serving values (1 small bowl, INDB serving weight 574 g)",direct,INDB serving weight 574 g includes 480 ml water before cooking; served weight ~350 g is an assumption. Bengali khichuri with extra oil/vegetables will be higher in fat.
veg_biryani_plate,Vegetable biryani,সবজি বিরিয়ানি,वेज बिरयानी,ವೆಜ್ ಬಿರಿಯಾನಿ,Biryani de verduras (arroz especiado),Biryani aux légumes (riz épicé),Gemüse-Biryani (Gewürzreis),Biryani di verdure (riso speziato),野菜ビリヤニ（スパイス炊き込みご飯）,veg biryani;vegetable biryani;veg biriyani;vegetable biriyani;tahiri;tehri,biryani de verduras;biryani vegetal;biryani vegetariano;biryani aux légumes;biryani végétarien;gemüse biryani;gemüsebiryani;vegetarisches biryani;biryani di verdure;野菜ビリヤニ;ベジビリヤニ;ベジタブルビリヤニ,north,staple,plate,1 plate (INDB serving),302,56.0,10.0,9.5,28.7,527,unknown,"INDB 2024 recipe ASC123 (Vegetable biryani/biriyani); INDB per-serving values (1 plate, INDB serving weight 302 g)",direct,INDB serving weight is the sum of raw ingredients (no cooking-loss/yield correction).
chicken_biryani_plate,Chicken biryani,চিকেন বিরিয়ানি,चिकन बिरयानी,ಚಿಕನ್ ಬಿರಿಯಾನಿ,Biryani de pollo (arroz especiado con pollo),Biryani au poulet (riz épicé au poulet),Hähnchen-Biryani (Gewürzreis mit Hähnchen),Biryani di pollo (riso speziato con pollo),チキンビリヤニ（鶏肉のスパイス炊き込みご飯）,chicken biryani;chicken biriyani;murgh biryani;murg biryani;kolkata biryani;hyderabadi biryani;dum biryani;donne biryani;biryani;biriyani,biryani de pollo;biriani de pollo;biryani au poulet;biryani de poulet;hähnchen biryani;hähnchenbiryani;huhn biryani;biryani mit hähnchen;biryani di pollo;biryani al pollo;ビリヤニ;チキンビリヤニ;鶏肉ビリヤニ;鶏ビリヤニ,pan,staple,plate,1 plate (~330 g: 75 g raw rice + 100 g chicken),330,64.3,3.4,29.0,16.4,530,unknown,Recipe-derived: rice_raw 75 g [IFCT A015] + chicken 100 g [FDC 171052] + oil 6 g [FDC 171017] + ghee 6 g [FDC 2710168] + onion 40 g [IFCT G017] + curd 25 g [FDC 171284] + tomato 20 g [IFCT D075],recipe_derived,INDB has no chicken biryani; standard restaurant-style recipe. Kolkata biryani usually also contains a potato (+~15 g carbs).
mutton_biryani_plate,Mutton biryani,মটন বিরিয়ানি,मटन बिरयानी,ಮಟನ್ ಬಿರಿಯಾನಿ,Biryani de carnero (cabra o cordero),Biryani de mouton (chèvre ou agneau),Hammel-Biryani (Ziege oder Lamm),Biryani di montone (capra o agnello),マトンビリヤニ（ヤギ・羊肉の炊き込みご飯）,mutton biryani;mutton biriyani;gosht biryani;lamb biryani;goat biryani,biryani de carnero;biryani de cordero;biryani de cabra;biryani de mouton;biryani au mouton;biryani de chèvre;hammel biryani;hammelbiryani;lamm biryani;lammbiryani;ziegen biryani;biryani di montone;biryani di agnello;biryani di capra;マトンビリヤニ;羊肉ビリヤニ;ヤギ肉ビリヤニ,pan,staple,plate,1 plate (INDB serving),260,46.7,5.0,15.3,16.1,396,unknown,"INDB 2024 recipe ASC122 (Mutton biryani/biriyani); INDB per-serving values (1 plate, INDB serving weight 208 g)",direct,INDB serving weight 208 g excludes cooking water; ~260 g served is an estimate. INDB serving weight is the sum of raw ingredients (no cooking-loss/yield correction).
roti_piece,Roti / chapati (no ghee),রুটি,रोटी / चपाती,ಚಪಾತಿ,Roti / chapati (pan plano sin ghee),Roti / chapati (galette de blé sans ghee),Roti / Chapati (Weizenfladenbrot ohne Ghee),Roti / chapati (pane piatto senza ghee),ロティ／チャパティ（ギーなしの全粒粉平焼きパン）,roti;chapati;chapathi;chappati;chapatti;chappathi;phulka;fulka;rooti;ruti;rutee;chapaati;wheat roti;atta roti;tawa roti;plain roti,rotis;chapatis;roti sin ghee;chapati sin ghee;rotis;chapatis;roti sans ghee;chapati sans ghee;rotis;chapatis;roti ohne ghee;chapati ohne ghee;roti senza ghee;chapati senza ghee;ロティ;チャパティ;チャパーティー;ローティー,pan,staple,piece,1 medium roti (40 g; from 30 g atta),40,19.3,3.4,3.2,0.5,96,medium,Recipe-derived: atta 30 g [IFCT A019],recipe_derived,GI: Atkinson 2008 Table 1 lists Chapatti 52+/-4 and Wheat roti 62+/-3; banded 'medium' (conservative upper value). Recipe uses IFCT atta (INDB ASC096 is a smaller 36 g-dough chapati with ghee: 73 kcal).
roti_ghee_piece,Roti with ghee,ঘি দেওয়া রুটি,घी वाली रोटी,ತುಪ್ಪದ ಚಪಾತಿ,Roti con ghee (pan plano untado con ghee),Roti au ghee (galette nappée de ghee),Roti mit Ghee (Fladenbrot mit Butterschmalz),Roti con ghee (pane piatto con burro chiarificato),ギーロティ（ギーを塗ったロティ）,ghee roti;roti with ghee;chapati with ghee;chupadi roti;butter roti;ghee chapati,roti con ghee;chapati con ghee;roti con mantequilla;roti au ghee;chapati au ghee;roti beurré;roti mit ghee;chapati mit ghee;roti mit butter;roti con ghee;chapati con ghee;roti con burro;ギーロティ;ギー付きロティ;ギーチャパティ,north,staple,piece,1 medium roti + 1/2 tsp ghee (43 g),43,19.3,3.4,3.2,3.4,122,medium,Recipe-derived: atta 30 g [IFCT A019] + ghee 3 g [FDC 2710168],recipe_derived,GI: Atkinson 2008 Table 1 lists Chapatti 52+/-4 and Wheat roti 62+/-3; banded 'medium' (conservative upper value). Added fat may lower GI further; band kept conservative.
paratha_piece,Plain paratha,পরোটা,पराठा,ಪರೋಟ,Paratha simple (pan plano hojaldrado a la plancha),Paratha nature (galette feuilletée poêlée),Paratha natur (geschichtetes gebratenes Fladenbrot),Paratha semplice (pane piatto sfogliato in padella),プレーンパラタ（層状の焼き平パン）,paratha;parantha;paratha plain;tawa paratha;lachha paratha;tikona paratha;porota;parota,paratha simple;parathas;paratha nature;parathas;paratha natur;parathas;einfaches paratha;paratha semplice;パラタ;パラーター;パロタ;プレーンパラタ,north,staple,piece,1 paratha (INDB serving),56,17.1,3.0,2.8,9.4,166,unknown,"INDB 2024 recipe ASC097 (Plain parantha/paratha); INDB per-serving values (1 parantha, INDB serving weight 56 g)",direct,"INDB serving weight is the sum of raw ingredients (no cooking-loss/yield correction). Layered maida 'porota/parotta' is a different, richer item."
aloo_paratha_piece,Aloo paratha,আলু পরোটা,आलू पराठा,ಆಲೂ ಪರೋಟ,Aloo paratha (paratha relleno de patata),Aloo paratha (paratha farci aux pommes de terre),Aloo Paratha (Paratha mit Kartoffelfüllung),Aloo paratha (paratha ripieno di patate),アルーパラタ（じゃがいも入りパラタ）,aloo paratha;alu paratha;aloo parantha;potato paratha;aloo ka paratha;allu paratha;aaloo paratha,paratha de patata;paratha relleno de patata;paratha de papa;paratha aux pommes de terre;paratha farci aux pommes de terre;kartoffel paratha;kartoffelparatha;paratha mit kartoffeln;paratha di patate;paratha alle patate;アルーパラタ;アルパラタ;じゃがいもパラタ;ポテトパラタ,north,breakfast,piece,1 paratha (INDB serving),93,22.3,3.9,3.5,9.5,191,unknown,"INDB 2024 recipe ASC098 (Potato parantha/paratha (Aloo ka parantha/paratha)); INDB per-serving values (1 parantha, INDB serving weight 93 g)",direct,INDB serving weight is the sum of raw ingredients (no cooking-loss/yield correction).
paneer_paratha_piece,Paneer paratha,পনির পরোটা,पनीर पराठा,ಪನೀರ್ ಪರೋಟ,Paratha de paneer (relleno de queso fresco),Paratha au paneer (farci au fromage frais),Paneer-Paratha (mit Frischkäsefüllung),Paratha al paneer (ripieno di formaggio fresco),パニールパラタ（カッテージチーズ入りパラタ）,paneer paratha;paneer parantha;cottage cheese paratha,paratha de paneer;paratha de queso;paratha au paneer;paratha au fromage;paratha mit paneer;käse paratha;paratha mit käse;paratha al paneer;paratha al formaggio;パニールパラタ;チーズパラタ,north,breakfast,piece,1 paratha (INDB serving),85,20.7,3.4,6.8,12.4,224,unknown,"INDB 2024 recipe ASC105 (Paneer parantha/paratha); INDB per-serving values (1 parantha, INDB serving weight 85 g)",direct,INDB serving weight is the sum of raw ingredients (no cooking-loss/yield correction).
puri_piece,Puri,পুরি,पूरी,ಪೂರಿ,Puri (pan de trigo frito e inflado),Puri (galette de blé frite et gonflée),Puri (frittiertes aufgeblähtes Weizenbrot),Puri (pane di frumento fritto e gonfio),プーリー（膨らんだ揚げパン）,puri;poori;pooree;puree;wheat puri;atta puri;puri bhaji;poori masala,puris;puris;pouri;puris;puri di frumento;プーリー;プーリ,pan,staple,piece,"1 puri (~12 cm, 36 g; FNDDS portion)",36,12.9,1.3,2.5,9.0,147,unknown,"USDA FDC 2707714 (FNDDS 2021-2023: Bread, puri); per-100 g x 36 g",per100g_scaled,"USDA FNDDS 'Bread, puri' (as-eaten, includes absorbed frying oil). INDB puri (ASC107) not used: it counts all frying oil."
luchi_piece,Luchi (maida puri),লুচি,लूची,ಲುಚಿ,Luchi (puri de harina refinada),Luchi (puri à la farine blanche),Luchi (Puri aus Weißmehl),Luchi (puri di farina bianca),ルチ（精製小麦粉の揚げパン）,luchi;loochi;luchie;luchi bengali;maida puri;radhaballavi,luchis;puri de harina blanca;luchis;puri à la farine blanche;luchis;weißmehl puri;puri di farina bianca;ルーチー;マイダプーリー,bengali,staple,piece,1 luchi (~22 g),22,11.1,0.4,1.6,5.6,101,unknown,Recipe-derived: maida 15 g [IFCT A018] + oil 5.5 g [FDC 171017],recipe_derived,"1 g oil in dough + 4.5 g absorbed oil; gives ~25% fat by weight, matching USDA FNDDS puri (24.9 g fat/100 g). Frying-oil uptake is an assumption (see SOURCES.md); actual values vary with cook and oil temperature."
naan_piece,Naan,নান,नान,ನಾನ್,Naan (pan de horno tandoor),Naan (pain cuit au four tandoor),Naan (Fladenbrot aus dem Tandoor),Naan (pane cotto nel tandoor),ナン（タンドール窯焼きパン）,naan;nan;nann;butter naan;tandoori naan;plain naan;garlic naan,pan naan;naans;pain naan;naans;naan brot;naanbrot;naans;pane naan;ナン;バターナン;ガーリックナン;プレーンナン,north,staple,piece,1 naan (~90 g),90,40.5,4.7,10.0,6.6,280,unknown,"USDA FDC 2707613 (FNDDS 2021-2023: Bread, naan); per-100 g x 90 g",per100g_scaled,90 g assumed for an Indian restaurant naan (FNDDS full 10-inch naan = 177 g). Butter naan adds ~5 g fat.
jowar_roti_piece,Jowar roti / bhakri,জোয়ারের রুটি,ज्वार की रोटी / भाकरी,ಜೋಳದ ರೊಟ್ಟಿ,Roti de jowar / bhakri (pan plano de sorgo),Roti de jowar / bhakri (galette de sorgho),Jowar-Roti / Bhakri (Sorghum-Fladenbrot),Roti di jowar / bhakri (pane piatto di sorgo),ジョワールロティ／バクリ（ソルガムの平焼きパン）,jowar roti;jowar bhakri;bhakri;bhakhri;jolada rotti;jolad rotti;jolada roti;jonna rotte;jwari bhakri;sorghum roti;jowar chapati,roti de sorgo;pan de sorgo;roti de jowar;galette de sorgho;roti de sorgho;roti de jowar;sorghumfladen;sorghum fladenbrot;jowar fladenbrot;roti di sorgo;pane di sorgo;roti di jowar;ジョワールロティ;バクリ;ソルガムロティ,karnataka,staple,piece,1 roti (~55 g; from 40 g jowar flour),55,27.1,4.1,4.0,0.7,134,unknown,Recipe-derived: jowar 40 g [IFCT A005],recipe_derived,Cooked weight ~55 g is an estimate; macros depend only on flour weight.
bajra_roti_piece,Bajra roti,বাজরার রুটি,बाजरे की रोटी,ಸಜ್ಜೆ ರೊಟ್ಟಿ,Roti de bajra (pan plano de mijo perla),Roti de bajra (galette de mil à chandelle),Bajra-Roti (Fladenbrot aus Perlhirse),Roti di bajra (pane piatto di miglio perlato),バジュラロティ（トウジンビエの平焼きパン）,bajra roti;bajre ki roti;bajra bhakri;bajri bhakri;sajje rotti;pearl millet roti;kambu roti,roti de mijo perla;roti de bajra;galette de mil;roti de mil;roti de bajra;perlhirse roti;perlhirsefladen;bajra fladenbrot;roti di miglio perlato;roti di bajra;バジュラロティ;バジラロティ;トウジンビエロティ,north,staple,piece,1 roti (~55 g; from 40 g bajra flour),55,24.7,4.6,4.4,2.2,139,unknown,Recipe-derived: bajra 40 g [IFCT A003],recipe_derived,Cooked weight is an estimate; macros depend only on flour weight.
makki_roti_piece,Makki ki roti,ভুট্টার রুটি,मक्की की रोटी,ಮೆಕ್ಕೆಜೋಳದ ರೊಟ್ಟಿ,Makki ki roti (pan plano de maíz),Makki ki roti (galette de maïs),Makki ki Roti (Maisfladenbrot),Makki ki roti (pane piatto di mais),マッキキロティ（トウモロコシ粉の平焼きパン）,makki ki roti;makki di roti;makki roti;makai roti;maize roti;corn roti,roti de maíz;roti de maiz;pan plano de maíz;galette de maïs;roti de maïs;maisfladen;maisfladenbrot;mais roti;roti di mais;pane piatto di mais;マッキキロティ;マッキーロティ;コーンロティ,north,staple,piece,1 roti with butter (INDB serving),85,20.6,4.4,3.0,14.3,224,unknown,"INDB 2024 recipe ASC150 (Makki ki roti); INDB per-serving values (1 roti, INDB serving weight 85 g)",direct,INDB serving weight is the sum of raw ingredients (no cooking-loss/yield correction).
ragi_mudde_piece,Ragi mudde (finger millet ball),রাগি মুদ্দে,रागी मुद्दे,ರಾಗಿ ಮುದ್ದೆ,Ragi mudde (bola de mijo africano),Ragi mudde (boule de millet éleusine),Ragi Mudde (Fingerhirse-Kloß),Ragi mudde (palla di miglio africano),ラギムッデ（シコクビエの団子）,ragi mudde;ragi muddhe;ragi ball;mudde;ragi kali;ragi sangati;ragi kazhi;finger millet ball;nachni ball,bola de ragi;bola de mijo africano;boule de ragi;boule de millet;ragi kloß;fingerhirsekloß;fingerhirse kloß;palla di ragi;polpetta di ragi;ラギムッデ;ムッデ;ラギボール;シコクビエ団子,karnataka,staple,piece,1 ball (~180 g; from 60 g ragi flour),180,40.1,6.7,4.3,1.2,192,unknown,Recipe-derived: ragi 60 g [IFCT A010] + water 120 g,recipe_derived,Ball size varies widely (40-100 g flour); 60 g flour assumed. Macros scale with flour.
ragi_roti_piece,Ragi roti,রাগি রুটি,रागी रोटी,ರಾಗಿ ರೊಟ್ಟಿ,Roti de ragi (pan plano de mijo africano),Roti de ragi (galette de millet éleusine),Ragi-Roti (Fladenbrot aus Fingerhirse),Roti di ragi (pane piatto di miglio africano),ラギロティ（シコクビエの平焼きパン）,ragi rotti;ragi roti;nachni roti;finger millet roti;ragi akki rotti,roti de ragi;roti de mijo africano;galette de ragi;roti de ragi;fingerhirse roti;fingerhirsefladen;ragi fladenbrot;roti di ragi;pane di ragi;ラギロティ;シコクビエロティ,karnataka,staple,piece,1 roti (~65 g; from 40 g ragi flour),65,28.2,4.8,3.1,3.8,162,unknown,Recipe-derived: ragi 40 g [IFCT A010] + onion 15 g [IFCT G017] + oil 3 g [FDC 171017],recipe_derived,Cooked weight is an estimate.
akki_roti_piece,Akki roti (rice-flour roti),চালের আটার রুটি,चावल के आटे की रोटी,ಅಕ್ಕಿ ರೊಟ್ಟಿ,Akki roti (pan plano de harina de arroz),Akki roti (galette de farine de riz),Akki Roti (Fladenbrot aus Reismehl),Akki roti (pane piatto di farina di riso),アッキロティ（米粉の平焼きパン）,akki rotti;akki roti;rice rotti;rice roti;rice flour roti;chawal ki roti,roti de arroz;roti de harina de arroz;galette de farine de riz;roti de riz;reismehl roti;reismehlfladen;reis roti;roti di riso;roti di farina di riso;アッキロティ;米粉ロティ,karnataka,breakfast,piece,1 roti (~75 g; from 40 g rice flour),75,32.8,1.8,2.8,6.7,209,unknown,Recipe-derived: rice_flour 40 g [FDC 169714] + onion 15 g [IFCT G017] + coconut 5 g [IFCT H007] + oil 4 g [FDC 171017],recipe_derived,Cooked weight is an estimate.
idli_piece,Idli,ইডলি,इडली,ಇಡ್ಲಿ,Idli (pastelito de arroz al vapor),Idli (galette de riz cuite à la vapeur),Idli (gedämpfter Reiskuchen),Idli (tortino di riso al vapore),イドリ（米粉生地の蒸しパン）,idli;idly;iddli;idlee;itli;rice idli;plain idli;thatte idli,idlis;pastelito de arroz al vapor;idlis;gâteau de riz vapeur;idlis;gedämpfter reiskuchen;tortino di riso al vapore;イドリ;イドゥリ;イドリー;イッドゥリ,south,breakfast,piece,1 idli (38 g; FNDDS portion),38,10.7,0.9,1.8,0.1,52,unknown,INDB 2024 recipe ASC144 (Idli); per-100 g x 38 g,per100g_scaled,"INDB batter includes its water, and steaming changes weight little. Thatte idli is ~2.5x larger."
dosa_piece,Plain dosa,দোসা,डोसा,ದೋಸೆ,Dosa simple (crepe fermentada de arroz y lentejas),Dosa nature (crêpe fermentée de riz et lentilles),Dosa natur (fermentierter Reis-Linsen-Pfannkuchen),Dosa semplice (crêpe fermentata di riso e lenticchie),プレーンドーサ（米と豆の発酵クレープ）,dosa;dosai;dose;dhosa;thosai;plain dosa;sada dosa;benne dose;butter dosa,dosa simple;dosas;dosa nature;dosas;dosa natur;dosas;einfache dosa;dosa semplice;ドーサ;ドーサイ;プレーンドーサ,south,breakfast,piece,1 medium dosa (INDB serving; ~80 g cooked),80,23.1,1.9,3.7,3.0,138,unknown,"INDB 2024 recipe BFP148 (Plain dosa); INDB per-serving values (1 dosa, INDB serving weight 36 g)",direct,INDB recipe = 32.5 g rice + 7.5 g urad dal + ~3.75 g butter per dosa. Cooked weight from FNDDS 'medium dosa' (80 g).
masala_dosa_piece,Masala dosa,মসলা দোসা,मसाला डोसा,ಮಸಾಲೆ ದೋಸೆ,Masala dosa (dosa rellena de patata especiada),Masala dosa (dosa farcie aux pommes de terre épicées),Masala Dosa (Dosa mit würziger Kartoffelfüllung),Masala dosa (dosa ripiena di patate speziate),マサラドーサ（スパイスポテト入りドーサ）,masala dosa;masala dose;masale dose;mysore masala dosa;masal dosa;masala dosai,dosa de patata;dosa rellena;dosa masala;dosa aux pommes de terre;dosa farcie;dosa masala;dosa mit kartoffeln;kartoffel dosa;dosa masala;dosa ripiena;dosa con patate;dosa masala;マサラドーサ;マサラドーサイ,south,breakfast,piece,1 masala dosa (INDB serving),210,41.0,5.3,6.9,16.4,345,unknown,"INDB 2024 recipe ASC146 (Masala dosa); INDB per-serving values (1 dosa, INDB serving weight 210 g)",direct,INDB serving weight is the sum of raw ingredients (no cooking-loss/yield correction).
set_dosa_piece,Set dosa (1 piece),সেট দোসা,सेट डोसा,ಸೆಟ್ ದೋಸೆ,"Set dosa (1 unidad, dosa gruesa y esponjosa)","Set dosa (1 pièce, dosa épaisse et moelleuse)","Set Dosa (1 Stück, dicke weiche Dosa)","Set dosa (1 pezzo, dosa spessa e soffice)",セットドーサ（1枚・ふんわり厚焼きドーサ）,set dosa;set dose;sponge dosa;spongy dosa;set dosai,dosa esponjosa;dosa moelleuse;dosa éponge;dicke dosa;weiche dosa;dosa soffice;dosa spugnosa;セットドーサ;スポンジドーサ,karnataka,breakfast,piece,1 piece (~70 g; usually served as 3),70,27.5,1.5,3.7,2.3,148,unknown,Recipe-derived: rice_raw 25 g [IFCT A015] + urad_dal 5 g [IFCT B003] + rice_flakes 7 g [IFCT A011] + oil 2 g [FDC 171017],recipe_derived,Cooked weight is an estimate.
rava_dosa_piece,Rava dosa,রাভা দোসা,रवा डोसा,ರವೆ ದೋಸೆ,Rava dosa (dosa de sémola),Rava dosa (dosa à la semoule),Rava Dosa (Grieß-Dosa),Rava dosa (dosa di semola),ラヴァドーサ（セモリナ粉のドーサ）,rava dosa;rawa dosa;rava dose;suji dosa;semolina dosa;onion rava dosa,dosa de sémola;dosa de semola;dosa à la semoule;dosa de semoule;grieß dosa;grießdosa;griess dosa;dosa di semola;dosa di semolino;ラヴァドーサ;ラバドーサ;ラワドーサ,south,breakfast,piece,1 dosa (INDB serving),73,24.1,3.0,5.4,5.2,167,unknown,"INDB 2024 recipe ASC147 (Semolina dosa (Suji/Rava dosa)); INDB per-serving values (1 dosa, INDB serving weight 73 g)",direct,INDB serving weight is the sum of raw ingredients (no cooking-loss/yield correction).
neer_dosa_piece,Neer dosa,নীর দোসা,नीर डोसा,ನೀರ್ ದೋಸೆ,Neer dosa (dosa fina de arroz),Neer dosa (dosa fine au riz),Neer Dosa (dünne Reis-Dosa),Neer dosa (dosa sottile di riso),ニールドーサ（薄い米粉のドーサ）,neer dosa;neer dose;neeru dose;water dosa,dosa de agua;dosa fina de arroz;dosa fine;dosa fine au riz;wasser dosa;dünne reis dosa;dosa sottile;dosa sottile di riso;ニールドーサ;ネールドーサ,karnataka,breakfast,piece,1 piece (~45 g; from 20 g rice),45,15.8,0.9,1.7,2.3,92,unknown,Recipe-derived: rice_raw 20 g [IFCT A015] + coconut 3 g [IFCT H007] + oil 1 g [FDC 171017],recipe_derived,Cooked weight is an estimate.
uttapam_piece,Uttapam,উত্তাপম,उत्तपम,ಉತ್ತಪ್ಪ,Uttapam (tortita gruesa de arroz con verduras),Uttapam (crêpe épaisse de riz garnie de légumes),Uttapam (dicker Reispfannkuchen mit Gemüse),Uttapam (frittella spessa di riso con verdure),ウタパム（野菜のせ厚焼き米パンケーキ）,uttapam;uthappam;uttappa;oothappam;onion uttapam;uthapam,uttapams;tortita de arroz con verduras;uttapams;crêpe épaisse de riz;uttapams;reispfannkuchen mit gemüse;frittella di riso con verdure;ウタパム;ウッタパム;ウタッパム,south,breakfast,piece,1 uttapam (INDB serving),68,24.7,3.0,4.2,6.1,174,unknown,"INDB 2024 recipe BFP152 (Uttapam); INDB per-serving values (1 uttapam, INDB serving weight 68 g)",direct,INDB serving weight is the sum of raw ingredients (no cooking-loss/yield correction).
upma_katori,Upma (rava),উপমা,उपमा,ಉಪ್ಪಿಟ್ಟು,Upma (sémola salteada con especias),Upma (semoule épicée sautée),Upma (gewürzter Grieß),Upma (semola speziata saltata),ウプマ（セモリナ粉のスパイス炒め煮）,upma;uppittu;uppit;khara bath;khara bhath;rava upma;suji upma;upuma;uppuma,upma de sémola;sémola salada;semola salada;upma de semoule;semoule salée épicée;grieß upma;herzhafter grieß;würziger grieß;upma di semola;semolino salato;ウプマ;ウップマ,south,breakfast,katori,1 katori (150 g),150,24.5,4.9,5.0,11.2,222,unknown,INDB 2024 recipe BFP039 (Semolina upma (Suji/Rava upma)); per-100 g x 150 g,per100g_scaled,"INDB per-100 g values are per raw-ingredient weight (no yield factor); if the dish is reduced more than usual, true values per cooked gram are somewhat higher."
poha_plate,Poha (vegetable poha),চিঁড়ের পোলাও,पोहा,ಅವಲಕ್ಕಿ ಒಗ್ಗರಣೆ,Poha (arroz aplanado salteado con verduras),Poha (riz aplati sauté aux légumes),Poha (gebratener Flachreis mit Gemüse),Poha (riso schiacciato saltato con verdure),ポハ（平たい米の野菜炒め）,poha;pohe;kanda poha;batata poha;aval upma;avalakki;avalakki oggarane;chire pulao;chirer polao;beaten rice upma,poha de verduras;arroz aplanado salteado;poha aux légumes;riz aplati sauté;gemüse poha;gebratener flachreis;poha di verdure;riso schiacciato saltato;ポハ;ポーハ;野菜ポハ,pan,breakfast,plate,1 plate (150 g),150,32.3,5.6,7.3,12.1,271,unknown,INDB 2024 recipe BFP045 (Vegetable poha); per-100 g x 150 g,per100g_scaled,"INDB per-100 g values are per raw-ingredient weight (no yield factor); if the dish is reduced more than usual, true values per cooked gram are somewhat higher."
rava_idli_piece,Rava idli,রাভা ইডলি,रवा इडली,ರವೆ ಇಡ್ಲಿ,Rava idli (idli de sémola),Rava idli (idli à la semoule),Rava Idli (Grieß-Idli),Rava idli (idli di semola),ラヴァイドリ（セモリナ粉のイドリ）,rava idli;rava idly;suji idli;semolina idli;rawa idli,idli de sémola;idli de semola;idli à la semoule;idli de semoule;grieß idli;grießidli;griess idli;idli di semola;idli di semolino;ラヴァイドリ;ラバイドリ;ラワイドリ,karnataka,breakfast,piece,1 rava idli (INDB serving),45,10.0,1.7,2.8,1.0,61,unknown,"INDB 2024 recipe BFP579 (Semolina idli (Suji/Rava idli)); INDB per-serving values (1 idli, INDB serving weight 30 g)",direct,INDB serving weight 30 g excludes water; ~45 g served is an estimate. INDB serving weight is the sum of raw ingredients (no cooking-loss/yield correction).
bisi_bele_bath_plate,Bisi bele bath,বিসি বেলে বাথ,बिसी बेले भात,ಬಿಸಿ ಬೇಳೆ ಬಾತ್,Bisi bele bath (arroz picante con lentejas y verduras),Bisi bele bath (riz épicé aux lentilles et légumes),Bisi Bele Bath (würziger Reis mit Linsen und Gemüse),Bisi bele bath (riso piccante con lenticchie e verdure),ビシベレバート（豆と野菜のスパイスご飯）,bisi bele bath;bisibelebath;bisi bele baath;bisibele bhath;bisi bele bhaat;sambar rice;sambar sadam;sambar bath,arroz con sambar;arroz sambar;riz au sambar;riz sambar;sambar reis;reis mit sambar;riso al sambar;riso con sambar;ビシベレバート;ビシベレバス;サンバールライス,karnataka,staple,plate,1 plate (~300 g),300,64.3,7.7,13.0,12.8,431,unknown,Recipe-derived: rice_raw 50 g [IFCT A015] + toor_dal 25 g [IFCT B021] + carrot 20 g [IFCT F002] + beans 20 g [IFCT D049] + peas_fresh 15 g [IFCT D061] + potato 15 g [IFCT F006] + onion 15 g [IFCT G017] + tamarind 5 g [IFCT E064] + oil 5 g [FDC 171017] + ghee 5 g [FDC 2710168] + groundnut 5 g [IFCT H012],recipe_derived,INDB has no bisi bele bath. Spice powder (~5 g) omitted. Served weight is an estimate.
puliyogare_plate,Puliyogare (tamarind rice),তেঁতুল ভাত,इमली चावल,ಪುಳಿಯೋಗರೆ,Puliyogare (arroz al tamarindo),Puliyogare (riz au tamarin),Puliyogare (Tamarindenreis),Puliyogare (riso al tamarindo),プリヨガレ（タマリンドご飯）,puliyogare;puliogare;puliyodharai;pulihora;tamarind rice;huli anna;imli chawal;puli sadam,arroz al tamarindo;arroz con tamarindo;riz au tamarin;tamarindenreis;tamarinden reis;riso al tamarindo;プリヨガレ;プリオガレ;タマリンドライス;タマリンドご飯,karnataka,staple,plate,1 plate (INDB serving: from 80 g raw rice),250,83.2,6.5,9.5,10.9,477,unknown,"INDB 2024 recipe ASC127 (Tamarind rice (Chintapandu pulihora/Puliyodharai/Puli sadam/Huli anna)); INDB per-serving values (1 plate, INDB serving weight 128 g)",direct,"INDB recipe lists no cooking water, so its serving weight understates the served weight; grams_per_unit is an estimated served weight. Macros are INDB per-serving and do not depend on it."
lemon_rice_plate,Lemon rice (chitranna),লেবু ভাত,नींबू चावल,ಚಿತ್ರಾನ್ನ,Arroz al limón (chitranna),Riz au citron (chitranna),Zitronenreis (Chitranna),Riso al limone (chitranna),レモンライス（チトラーンナ）,lemon rice;chitranna;chitrannam;elumichai sadam;nimbu chawal;nimbe chitranna,arroz al limón;arroz al limon;arroz con limón;riz au citron;zitronenreis;zitronen reis;riso al limone;レモンライス;レモンご飯;チトラーンナ,karnataka,staple,plate,1 plate (INDB serving: from 80 g raw rice + 25 g peanuts),300,69.0,8.1,13.6,25.1,563,unknown,"INDB 2024 recipe ASC124 (Lemon rice (Pulihora, Elumichai sadam, Chitranna)); INDB per-serving values (1 plate, INDB serving weight 319 g)",direct,INDB weight 319 g incl. 160 g cooking water; ~300 g served assumed. Macros are INDB per-serving.
vangi_bath_plate,Vangi bath (brinjal rice),বেগুন ভাত,वांगी भात,ವಾಂಗಿ ಬಾತ್,Vangi bath (arroz con berenjena),Vangi bath (riz aux aubergines),Vangi Bath (Auberginenreis),Vangi bath (riso alle melanzane),ヴァーンギバート（なすの混ぜご飯）,vangi bath;vangibath;vangi bhath;vaangi bath;brinjal rice;eggplant rice;baingan rice,arroz con berenjena;arroz con berenjenas;riz aux aubergines;auberginenreis;reis mit auberginen;riso alle melanzane;riso con melanzane;ヴァーンギバート;ワンギバート;なすご飯;ナスご飯,karnataka,staple,plate,1 plate (INDB serving: from 80 g raw rice),291,92.4,12.9,15.4,10.7,538,unknown,"INDB 2024 recipe BFP132 (Eggplant/Brinjal rice (Vangi bhat)); INDB per-serving values (1 plate, INDB serving weight 291 g)",direct,INDB serving weight is the sum of raw ingredients (no cooking-loss/yield correction).
curd_rice_plate,Curd rice,দই ভাত,दही चावल,ಮೊಸರನ್ನ,Arroz con yogur (curd rice),Riz au yaourt (curd rice),Joghurtreis (Curd Rice),Riso allo yogurt (curd rice),カードライス（ヨーグルトご飯）,curd rice;mosaranna;mosaru anna;thayir sadam;thair sadam;dahi chawal;dahi bhaat;doi bhat;daddojanam,arroz con yogur;arroz con yogurt;riz au yaourt;joghurtreis;joghurt reis;reis mit joghurt;riso allo yogurt;riso con yogurt;カードライス;ヨーグルトご飯;ヨーグルトライス,south,staple,plate,1 plate (INDB serving: from 80 g raw rice),300,71.2,4.6,12.4,9.3,423,unknown,"INDB 2024 recipe ASC126 (Curd rice (Dahi bhaat/Dahi chawal/ Perugu annam/Daddojanam/Thayir saadam)); INDB per-serving values (1 plate, INDB serving weight 216 g)",direct,"INDB recipe lists no cooking water, so its serving weight understates the served weight; grams_per_unit is an estimated served weight. Macros are INDB per-serving and do not depend on it."
bread_white_slice,White bread (1 slice),পাউরুটি,ब्रेड (सफ़ेद),ಬ್ರೆಡ್,Pan blanco de molde (1 rebanada),Pain de mie blanc (1 tranche),Weißbrot (1 Scheibe),Pane bianco in cassetta (1 fetta),食パン（白・1枚）,bread;white bread;pauruti;pau ruti;double roti;sandwich bread;bread slice;toast;bread toast,pan;pan blanco;pan de molde;rebanada de pan;pan tostado;pain;pain blanc;pain de mie;tranche de pain;pain grillé;brot;weißbrot;weissbrot;toastbrot;toast;scheibe brot;brotscheibe;pane;pane bianco;pancarrè;pan carrè;fetta di pane;pane tostato;パン;食パン;トースト;白パン,pan,staple,piece,1 slice (25 g),25,11.7,0.7,2.2,0.8,66,high,"USDA FDC 174924 (SR Legacy: Bread, white, commercially prepared (includes soft bread crumbs)); per-100 g x 25 g",per100g_scaled,GI: Atkinson 2008 Table 1 white wheat bread 75+/-2 (high).
bread_brown_slice,Whole-wheat (brown) bread (1 slice),ব্রাউন ব্রেড,ब्राउन ब्रेड,ಬ್ರೌನ್ ಬ್ರೆಡ್,Pan integral de molde (1 rebanada),Pain complet (1 tranche),Vollkornbrot (1 Scheibe),Pane integrale (1 fetta),全粒粉パン（1枚）,brown bread;whole wheat bread;wholemeal bread;atta bread;wheat bread,pan integral;pan de molde integral;pain complet;pain de mie complet;vollkornbrot;vollkorntoast;pane integrale;pancarrè integrale;全粒粉パン;ブラウンブレッド;全粒粉食パン,pan,staple,piece,1 slice (28 g),28,10.3,1.7,3.5,1.0,71,high,"USDA FDC 172688 (SR Legacy: Bread, whole-wheat, commercially prepared); per-100 g x 28 g",per100g_scaled,GI: Atkinson 2008 Table 1 whole wheat/whole meal bread 74+/-2 (high).
chira_dry_katori,"Flattened rice (chira / poha), dry",চিঁড়ে,चिवड़ा / पोहा (सूखा),ಅವಲಕ್ಕಿ,"Arroz aplanado (chira / poha), seco","Riz aplati (chira / poha), sec","Flachreis (Chira / Poha), trocken","Riso schiacciato (chira / poha), secco",チウラ（乾燥した平たい米・ポハ）,chira;chire;chida;chura;chiwda;chivda raw;poha raw;aval;avalakki;beaten rice;flattened rice;rice flakes,arroz aplanado;copos de arroz;arroz aplanado seco;riz aplati;flocons de riz;riz aplati sec;flachreis;reisflocken;trockener flachreis;riso schiacciato;fiocchi di riso;乾燥ポハ;平たい米;チウラ,pan,staple,katori,1 katori dry (40 g),40,30.7,1.4,3.0,0.5,141,unknown,"IFCT 2017 A011 (Rice, flakes); per-100 g x 40 g",per100g_scaled,Dry weight; when soaked it roughly doubles in weight with no added nutrients.
muri_cup,Puffed rice (muri),মুড়ি,मुरमुरे,ಮಂಡಕ್ಕಿ,Arroz inflado (muri),Riz soufflé (muri),Puffreis (Muri),Riso soffiato (muri),ムーリ（膨化米・パフライス）,muri;moori;murmura;murmure;mamra;kurmura;puffed rice;mandakki;kadlepuri;pori;borugulu;laiya,arroz inflado;arroz hinchado;riz soufflé;riz souffle;puffreis;gepuffter reis;riso soffiato;パフライス;膨化米;ムーリ,pan,snack,cup,1 cup (20 g),20,15.5,0.5,1.5,0.3,72,unknown,"IFCT 2017 A012 (Rice, puffed); per-100 g x 20 g",per100g_scaled,Very light; 1 cup ~ 20 g.
jhal_muri_bowl,Jhal muri,ঝালমুড়ি,झालमुड़ी,ಚುರುಮುರಿ,Jhal muri (arroz inflado especiado),Jhal muri (riz soufflé épicé),Jhal Muri (würziger Puffreis-Snack),Jhal muri (riso soffiato speziato),ジャルムリ（スパイス和えパフライス）,jhal muri;jhalmuri;jhaal muri;masala muri;muri makha;churmuri;churumuri;bhel;dry bhel,arroz inflado picante;arroz inflado especiado;riz soufflé épicé;würziger puffreis;scharfer puffreis;riso soffiato speziato;riso soffiato piccante;ジャルムリ;ジャールムリ;スパイスパフライス,bengali,snack,bowl,1 bowl (~90 g),90,29.3,3.2,5.6,8.0,214,unknown,Recipe-derived: rice_puffed 30 g [IFCT A012] + onion 15 g [IFCT G017] + cucumber 15 g [IFCT D043] + tomato 10 g [IFCT D075] + groundnut 8 g [IFCT H012] + chana_dal 5 g [IFCT B001] + mustard_oil 4 g [FDC 172337],recipe_derived,Roasted chana approximated by raw chana dal. Chanachur/sev toppings (if added) increase fat and kcal.
chire_doi_bowl,"Chire doi (flattened rice with curd, banana, jaggery)",চিঁড়ে দই,दही चूड़ा,ಮೊಸರು ಅವಲಕ್ಕಿ,"Chire doi (arroz aplanado con yogur, plátano y jaggery)","Chire doi (riz aplati au yaourt, banane et jaggery)","Chire Doi (Flachreis mit Joghurt, Banane und Jaggery)","Chire doi (riso schiacciato con yogurt, banana e jaggery)",チレドイ（平たい米のヨーグルト・バナナ・ジャガリー和え）,chire doi;doi chire;chira doi;dahi chura;dahi chiwda;mosaru avalakki;curd poha;phalahar,arroz aplanado con yogur;poha con yogur;riz aplati au yaourt;poha au yaourt;flachreis mit joghurt;poha mit joghurt;riso schiacciato con yogurt;poha con yogurt;チレドイ;チラドイ;ダヒチュラ,bengali,breakfast,bowl,1 bowl (~200 g),200,55.7,2.4,7.2,3.9,290,unknown,Recipe-derived: rice_flakes 40 g [IFCT A011] + curd 100 g [FDC 171284] + banana 50 g [IFCT E012] + jaggery 10 g [IFCT I001],recipe_derived,
dal_moong_katori,Moong dal,মুগ ডাল,मूंग दाल,ಹೆಸರು ಬೇಳೆ ತೊವ್ವೆ,Dal moong (lentejas mungo amarillas),Dal moong (lentilles mungo jaunes),Moong Dal (gelbe Mungbohnen),Dal moong (fagioli mung gialli decorticati),ムングダール（緑豆の豆カレー）,moong dal;mung dal;moong ki dal;muger dal;mug dal;moog dal;hesaru bele;hesarubele togge;pesara pappu;yellow moong dal;dhuli moong dal,dal moong;dal de mungo;lentejas mungo;judías mungo;dal de mungo;lentilles mungo;haricots mungo;mungbohnen dal;mungdal;mungbohnen;dal moong;dal di fagioli mung;fagioli mung;ムングダール;ムングダル;緑豆ダール;緑豆カレー,pan,dal,katori,1 katori (150 g),150,8.9,1.8,4.0,2.5,75,unknown,INDB 2024 recipe ASC151 (Washed moong dal (Dhuli moong ki dal)); per-100 g x 150 g,per100g_scaled,"INDB recipe: 30 g moong dal + 1 tsp oil + 1 cup water per bowl (thin home-style dal). INDB per-100 g values are per raw-ingredient weight (no yield factor); if the dish is reduced more than usual, true values per cooked gram are somewhat higher."
dal_masoor_katori,Masoor dal,মুসুর ডাল,मसूर दाल,ಮಸೂರ್ ಬೇಳೆ ಸಾರು,Dal masoor (lentejas rojas),Dal masoor (lentilles corail),Masoor Dal (rote Linsen),Dal masoor (lenticchie rosse),マスールダール（赤レンズ豆のカレー）,masoor dal;masur dal;musur dal;mosur dal;mushur dal;red lentil dal;lentil dal;lal dal;dal bengali,lentejas rojas;dal de lentejas rojas;dal masoor;lentilles corail;lentilles rouges;dal de lentilles corail;rote linsen;rote linsen dal;lenticchie rosse;dal di lenticchie rosse;マスールダール;マスルダール;赤レンズ豆;赤レンズ豆カレー,pan,dal,katori,1 katori (150 g),150,8.1,3.0,3.4,3.8,81,unknown,INDB 2024 recipe ASC157 (Whole masoor (Masoor ki dal)); per-100 g x 150 g,per100g_scaled,"INDB recipe uses whole masoor (30 g) with tomato/onion and 2 tsp oil; split masoor dal has similar macros. INDB per-100 g values are per raw-ingredient weight (no yield factor); if the dish is reduced more than usual, true values per cooked gram are somewhat higher."
dal_toor_katori,Toor / arhar dal (dal tadka),অড়হর ডাল,अरहर / तूर दाल,ತೊಗರಿ ಬೇಳೆ ಸಾರು,Dal toor / arhar (dal tadka de guandú),Dal toor / arhar (dal tadka de pois d'Angole),Toor / Arhar Dal (Dal Tadka aus Straucherbsen),Dal toor / arhar (dal tadka di pisello d'Angola),トゥールダール（キマメのダールタルカ）,toor dal;tur dal;tuvar dal;toovar dal;arhar dal;arahar dal;orhor dal;dal tadka;dal fry;yellow dal;tadka dal;togari bele;togari bele saaru;paruppu;pappu;dal;lentils;lentil;cooked lentils;lentil curry,lentejas;lentejas cocidas;guiso de lentejas;dal de lentejas;dal de toor;lentilles;lentilles cuites;dal de lentilles;linsen;linsengericht;linsencurry;lenticchie;dal di lenticchie;ダール;レンズ豆;豆カレー;トゥールダール,pan,dal,katori,1 katori (150 g; from 25 g dry dal),150,15.4,2.8,5.7,4.5,126,unknown,Recipe-derived: toor_dal 25 g [IFCT B021] + tomato 20 g [IFCT D075] + onion 10 g [IFCT G017] + ghee 2 g [FDC 2710168] + oil 2 g [FDC 171017] + water 91 g,recipe_derived,INDB has no plain toor dal; standard recipe. Restaurant dal fry/tadka often has 2-3x the fat.
dal_chana_katori,Chana dal,ছোলার ডাল (উত্তর ভারতীয়),चना दाल,ಕಡಲೆ ಬೇಳೆ ಸಾರು,Dal chana (dal de garbanzo partido),Dal chana (dal de pois chiches cassés),Chana Dal (gespaltene Kichererbsen),Dal chana (dal di ceci spezzati),チャナダール（ひよこ豆の割り豆カレー）,chana dal;channa dal;chane ki dal;chana dal tadka;kadale bele;senaga pappu;bengal gram dal,dal chana;dal de garbanzo;garbanzos partidos;dal de pois chiches;pois chiches cassés;kichererbsen dal;gespaltene kichererbsen;dal chana;dal di ceci;ceci spezzati;チャナダール;チャナダル;ひよこ豆ダール,north,dal,katori,1 katori (150 g),150,15.0,5.6,6.2,6.9,150,unknown,INDB 2024 recipe OSR142 (Split bengal gram dal (Channa dal)); per-100 g x 150 g,per100g_scaled,"INDB per-100 g values are per raw-ingredient weight (no yield factor); if the dish is reduced more than usual, true values per cooked gram are somewhat higher."
cholar_dal_katori,Cholar dal (Bengali chana dal with coconut),ছোলার ডাল,छोलार दाल,ಛೋಲಾರ್ ದಾಲ್,Cholar dal (dal bengalí de garbanzo partido con coco),Cholar dal (dal bengali de pois chiches cassés au coco),Cholar Dal (bengalisches Kichererbsen-Dal mit Kokos),Cholar dal (dal bengalese di ceci spezzati al cocco),チョラールダール（ココナッツ入りベンガル風チャナダール）,cholar dal;cholar daal;chholar dal;narkel diye cholar dal;bengali chana dal,dal de garbanzo con coco;dal bengalí de garbanzo;dal de pois chiches au coco;dal bengali aux pois chiches;kichererbsen dal mit kokos;bengalisches chana dal;dal di ceci al cocco;dal bengalese di ceci;チョラールダール;チョラルダル,bengali,dal,katori,1 katori (150 g; from 30 g dry dal),150,18.9,5.5,6.8,9.9,193,unknown,Recipe-derived: chana_dal 30 g [IFCT B001] + coconut 8 g [IFCT H007] + sugar 3 g [FDC 169655] + ghee 3 g [FDC 2710168] + oil 2 g [FDC 171017] + raisins 2 g [IFCT E057] + water 102 g,recipe_derived,"Standard Bengali recipe (sweetish, with coconut and raisins)."
dal_makhani_katori,Dal makhani,ডাল মাখানি,दाल मखनी,ದಾಲ್ ಮಖನಿ,Dal makhani (lentejas negras con mantequilla y nata),Dal makhani (lentilles noires au beurre et à la crème),Dal Makhani (schwarze Linsen mit Butter und Sahne),Dal makhani (lenticchie nere con burro e panna),ダールマカニ（ウラド豆のバタークリーム煮込み）,dal makhani;dal makhni;daal makhani;maa ki dal;kali dal;black dal;dal bukhara,lentejas negras;dal de lentejas negras;lentilles noires;dal aux lentilles noires;schwarze linsen;schwarzes dal;lenticchie nere;dal di lenticchie nere;ダールマカニ;ダルマカニ;ダールマッカニ;マカニダール,north,dal,katori,1 katori (150 g),150,11.9,3.4,5.0,4.6,111,unknown,INDB 2024 recipe OSR139 (Dal makhani); per-100 g x 150 g,per100g_scaled,"INDB recipe includes 4 cups water before simmering; restaurant dal makhani is more reduced and richer (likely 1.5-2x). INDB per-100 g values are per raw-ingredient weight (no yield factor); if the dish is reduced more than usual, true values per cooked gram are somewhat higher."
sambar_katori,Sambar,সাম্বার,सांभर,ಸಾಂಬಾರ್,Sambar (guiso de lentejas con verduras y tamarindo),Sambar (ragoût de lentilles aux légumes et tamarin),Sambar (Linsen-Gemüse-Eintopf mit Tamarinde),Sambar (stufato di lenticchie con verdure e tamarindo),サンバール（豆と野菜のタマリンドスープ）,sambar;sambhar;saambar;saambaar;huli;tiffin sambar;sambar dal;kuzhambu;mixed veg sambar,guiso de lentejas con verduras;ragoût de lentilles aux légumes;linsen gemüse eintopf;stufato di lenticchie e verdure;サンバール;サーンバール,south,dal,katori,1 katori (150 g),150,15.9,5.3,5.0,6.6,145,unknown,INDB 2024 recipe ASC167 (Sambar); per-100 g x 150 g,per100g_scaled,"INDB per-100 g values are per raw-ingredient weight (no yield factor); if the dish is reduced more than usual, true values per cooked gram are somewhat higher."
rasam_katori,Rasam / saaru,রসম,रसम,ಸಾರು,Rasam / saaru (sopa ácida de tamarindo y tomate),Rasam / saaru (bouillon acidulé au tamarin et tomate),Rasam / Saaru (säuerliche Tamarinden-Tomaten-Suppe),Rasam / saaru (brodo acidulo di tamarindo e pomodoro),ラサム（タマリンドとトマトの酸味スープ）,rasam;saaru;saru;charu;chaaru;tomato rasam;pepper rasam;tili saaru;puli rasam;rasam saaru,sopa rasam;sopa de tamarindo;soupe rasam;bouillon de tamarin;rasam suppe;tamarindensuppe;zuppa rasam;brodo di tamarindo;ラサム;ラッサム;ラサムスープ,south,dal,katori,1 katori (150 g),150,5.1,2.4,1.7,1.3,40,unknown,INDB 2024 recipe BFP176 (Rasam with tamarind (Puli rasam/ Chintapandu rasam/ Charu/Saaru)); per-100 g x 150 g,per100g_scaled,
rajma_katori,Rajma (kidney bean curry),রাজমা,राजमा,ರಾಜ್ಮಾ,Rajma (curry de alubias rojas),Rajma (curry de haricots rouges),Rajma (Kidneybohnen-Curry),Rajma (curry di fagioli rossi),ラジマ（レッドキドニービーンズのカレー）,rajma;rajmah;rajma masala;rajma curry;kidney beans curry;red beans curry;rajma chawal,curry de alubias rojas;alubias rojas;frijoles rojos;judías rojas;curry de haricots rouges;haricots rouges;kidneybohnen curry;kidneybohnen;rote bohnen;curry di fagioli rossi;fagioli rossi;ラジマ;ラージマ;キドニービーンズカレー;金時豆カレー,north,dal,katori,1 katori (INDB serving: from 30 g dry rajma),150,19.6,7.0,7.1,6.9,172,unknown,"INDB 2024 recipe ASC165 (Kidney bean curry (Rajmah curry)); INDB per-serving values (1 bowl, INDB serving weight 120 g)",direct,"INDB recipe lists no cooking water, so its serving weight understates the served weight; grams_per_unit is an estimated served weight. Macros are INDB per-serving and do not depend on it."
chole_katori,Chole (chickpea curry),ছোলে / কাবুলি ছোলার তরকারি,छोले,ಚೋಲೆ,Chole (curry de garbanzos),Chole (curry de pois chiches),Chole (Kichererbsen-Curry),Chole (curry di ceci),チョーレ（ひよこ豆のカレー）,chole;chhole;cholle;chana masala;channa masala;kabuli chana;chickpea curry;pindi chole;safed chana;chole masala;kadale curry,curry de garbanzos;garbanzos al curry;curry de pois chiches;pois chiches au curry;kichererbsen curry;kichererbsencurry;curry di ceci;ceci al curry;チョーレ;チョレー;チャナマサラ;ひよこ豆カレー,north,dal,katori,1 katori (INDB serving: from 30 g dry chickpeas),150,24.0,5.7,7.3,8.2,196,unknown,"INDB 2024 recipe ASC162 (Chickpeas curry (Safed channa curry)); INDB per-serving values (1 bowl, INDB serving weight 120 g)",direct,"INDB recipe lists no cooking water, so its serving weight understates the served weight; grams_per_unit is an estimated served weight. Macros are INDB per-serving and do not depend on it."
kala_chana_katori,Kala chana curry (black chickpea),কালো ছোলার তরকারি,काले चने,ಕರಿ ಕಡಲೆ ಸಾರು,Kala chana (curry de garbanzos negros),Kala chana (curry de pois chiches noirs),Kala Chana (Curry aus schwarzen Kichererbsen),Kala chana (curry di ceci neri),カラチャナ（黒ひよこ豆のカレー）,kala chana;kale chane;black chana;black chickpea curry;kadala curry;kala chana masala;bengal gram curry,garbanzos negros;curry de garbanzos negros;pois chiches noirs;curry de pois chiches noirs;schwarze kichererbsen;schwarzes kichererbsen curry;ceci neri;curry di ceci neri;カラチャナ;黒ひよこ豆;黒ひよこ豆カレー,north,dal,katori,1 katori (INDB serving: from ~30 g dry chana),150,16.9,9.6,6.8,7.9,169,unknown,"INDB 2024 recipe ASC161 (Black channa curry/Bengal gram curry (Kale chane ki curry)); INDB per-serving values (1 bowl, INDB serving weight 120 g)",direct,"INDB recipe lists no cooking water, so its serving weight understates the served weight; grams_per_unit is an estimated served weight. Macros are INDB per-serving and do not depend on it."
ghugni_katori,Ghugni (dried yellow pea curry),ঘুগনি,घुगनी,ಘುಗ್ನಿ,Ghugni (curry de guisantes secos amarillos),Ghugni (curry de pois secs jaunes),Ghugni (Curry aus getrockneten gelben Erbsen),Ghugni (curry di piselli secchi gialli),ググニ（乾燥黄えんどう豆のカレー）,ghugni;ghoogni;ghugni chaat;matar ghugni;yellow peas curry;dried peas curry;ragda,curry de guisantes secos;guisantes amarillos;curry de pois secs;pois jaunes;gelbe erbsen;gelbe erbsen curry;curry di piselli secchi;piselli secchi gialli;ググニ;グーグニ;黄えんどう豆カレー,bengali,dal,katori,1 katori (150 g; from 30 g dry peas),150,18.7,5.9,6.7,5.7,155,unknown,Recipe-derived: peas_dry 30 g [IFCT B017] + potato 15 g [IFCT F006] + onion 15 g [IFCT G017] + tomato 10 g [IFCT D075] + mustard_oil 5 g [FDC 172337] + water 75 g,recipe_derived,Standard home recipe.
kadhi_katori,Kadhi (without pakodi),কড়ি,कढ़ी,ಮಜ್ಜಿಗೆ ಹುಳಿ,"Kadhi (curry de yogur y harina de garbanzo, sin pakodi)","Kadhi (curry au yaourt et farine de pois chiche, sans pakodi)","Kadhi (Joghurt-Kichererbsenmehl-Curry, ohne Pakodi)","Kadhi (curry di yogurt e farina di ceci, senza pakodi)",カディ（ヨーグルトとひよこ豆粉のカレー・パコラなし）,kadhi;kadi;karhi;punjabi kadhi;gujarati kadhi;kadhi chawal;majjige huli;mor kuzhambu;more kuzhambu,curry de yogur;kadhi sin pakora;curry au yaourt;kadhi sans pakora;joghurt curry;joghurtcurry;kadhi ohne pakora;curry di yogurt;curry allo yogurt;kadhi senza pakora;カディ;カディー;ヨーグルトカレー,north,curry,katori,1 katori (150 g),150,6.6,0.9,3.9,6.5,103,unknown,Recipe-derived: curd 60 g [FDC 171284] + besan 8 g [FDC 174288] + oil 2 g [FDC 171017] + ghee 2 g [FDC 2710168] + water 78 g,recipe_derived,INDB kadhi (ASC168) not used: it counts all pakodi frying oil. Add a pakora row for kadhi-pakora.
palak_paneer_katori,Palak paneer,পালং পনির,पालक पनीर,ಪಾಲಕ್ ಪನೀರ್,Palak paneer (espinacas con queso paneer),Palak paneer (épinards au fromage paneer),Palak Paneer (Spinat mit Paneer-Käse),Palak paneer (spinaci con formaggio paneer),パラクパニール（ほうれん草とパニールチーズのカレー）,palak paneer;saag paneer;spinach paneer;palak panir;palong paneer,espinacas con paneer;paneer con espinacas;espinacas con queso;épinards au paneer;epinards au paneer;paneer aux épinards;spinat mit paneer;paneer mit spinat;spinat mit käse;spinaci con paneer;paneer agli spinaci;パラクパニール;パラックパニール;ほうれん草パニール;ほうれん草カレー,north,curry,katori,1 katori (150 g),150,6.6,2.9,6.1,7.1,117,unknown,INDB 2024 recipe ASC215 (Spinach paneer (Palak paneer)); per-100 g x 150 g,per100g_scaled,"Home-style INDB recipe; restaurant versions with cream/butter are richer. INDB per-100 g values are per raw-ingredient weight (no yield factor); if the dish is reduced more than usual, true values per cooked gram are somewhat higher."
paneer_butter_masala_katori,Paneer butter masala,পনির বাটার মসলা,पनीर बटर मसाला,ಪನೀರ್ ಬಟರ್ ಮಸಾಲ,Paneer butter masala (paneer en salsa de tomate y mantequilla),Paneer butter masala (paneer en sauce tomate au beurre),Paneer Butter Masala (Paneer in Butter-Tomaten-Soße),Paneer butter masala (paneer in salsa di pomodoro e burro),パニールバターマサラ（パニールのバタートマトカレー）,paneer butter masala;paneer makhani;paneer makhanwala;butter paneer;paneer in butter sauce;shahi paneer,paneer con mantequilla;paneer a la mantequilla;paneer au beurre;paneer in buttersoße;paneer buttermasala;paneer al burro;パニールバターマサラ;パニールマッカニ;バターパニール,north,curry,katori,1 katori (150 g),150,14.6,2.2,10.5,13.2,218,unknown,INDB 2024 recipe ASC222 (Paneer in butter sauce); per-100 g x 150 g,per100g_scaled,"INDB 'Paneer in butter sauce'; restaurant versions often contain more cream/butter. INDB per-100 g values are per raw-ingredient weight (no yield factor); if the dish is reduced more than usual, true values per cooked gram are somewhat higher."
matar_paneer_katori,Matar paneer,মটর পনির,मटर पनीर,ಮಟರ್ ಪನೀರ್,Matar paneer (guisantes con queso paneer),Matar paneer (petits pois au paneer),Matar Paneer (Erbsen mit Paneer),Matar paneer (piselli con paneer),マタールパニール（グリーンピースとパニールのカレー）,matar paneer;mutter paneer;peas paneer;paneer matar;motor paneer,guisantes con paneer;paneer con guisantes;petits pois au paneer;paneer aux petits pois;erbsen mit paneer;erbsen paneer;paneer mit erbsen;piselli con paneer;piselli e paneer;paneer con piselli;マタールパニール;マターパニール;マッターパニール,north,curry,katori,1 katori (150 g),150,13.9,4.9,9.9,11.6,202,unknown,INDB 2024 recipe ASC191 (Pea paneer curry (Matar paneer)); per-100 g x 150 g,per100g_scaled,"INDB per-100 g values are per raw-ingredient weight (no yield factor); if the dish is reduced more than usual, true values per cooked gram are somewhat higher."
kadai_paneer_katori,Kadai paneer,কড়াই পনির,कड़ाही पनीर,ಕಡಾಯಿ ಪನೀರ್,Kadai paneer (paneer salteado con pimientos y especias),Kadai paneer (paneer sauté aux poivrons et épices),Kadai Paneer (Paneer mit Paprika und Gewürzen),Kadai paneer (paneer saltato con peperoni e spezie),カダイパニール（パニールとピーマンのスパイス炒め煮）,kadai paneer;kadhai paneer;karahi paneer;paneer kadai,paneer con pimientos;paneer al kadai;paneer aux poivrons;paneer mit paprika;paneer con peperoni;paneer ai peperoni;カダイパニール;カライパニール,north,curry,katori,1 katori (150 g),150,11.0,3.1,6.5,10.2,162,unknown,INDB 2024 recipe ASC226 (Kadhai Paneer); per-100 g x 150 g,per100g_scaled,"INDB per-100 g values are per raw-ingredient weight (no yield factor); if the dish is reduced more than usual, true values per cooked gram are somewhat higher."
aloo_sabzi_katori,Aloo sabzi (potato curry),আলুর তরকারি,आलू की सब्ज़ी,ಆಲೂಗಡ್ಡೆ ಪಲ್ಯ,Aloo sabzi (curry de patata),Aloo sabzi (curry de pommes de terre),Aloo Sabzi (Kartoffelcurry),Aloo sabzi (curry di patate),アルーサブジ（じゃがいものカレー炒め）,aloo sabzi;aloo ki sabji;alu sabji;aloo bhaji;potato curry;potato sabzi;aloo tarkari;alur torkari;alur dom;batata bhaji;poori bhaji;aloo palya,curry de patata;curry de patatas;patatas al curry;curry de papa;curry de pommes de terre;pommes de terre au curry;kartoffelcurry;kartoffel curry;curry kartoffeln;curry di patate;patate al curry;アルーサブジ;アルサブジ;じゃがいもカレー;ポテトカレー,pan,veg,katori,1 katori (150 g),150,15.6,3.6,2.3,6.7,134,unknown,INDB 2024 recipe BFP239 (Potato curry (Aloo ki sabzi)); per-100 g x 150 g,per100g_scaled,"INDB per-100 g values are per raw-ingredient weight (no yield factor); if the dish is reduced more than usual, true values per cooked gram are somewhat higher."
aloo_gobi_katori,Aloo gobi,আলু ফুলকপির তরকারি,आलू गोभी,ಆಲೂ ಗೋಬಿ,Aloo gobi (patata y coliflor especiadas),Aloo gobi (pommes de terre et chou-fleur épicés),Aloo Gobi (Kartoffeln mit Blumenkohl),Aloo gobi (patate e cavolfiore speziati),アルーゴビ（じゃがいもとカリフラワーの炒め煮）,aloo gobi;aloo gobhi;alu gobi;potato cauliflower;phulkopir torkari;gobi aloo;cauliflower curry,patata y coliflor;coliflor con patata;coliflor al curry;curry de coliflor;pommes de terre et chou fleur;chou fleur au curry;curry de chou fleur;kartoffeln mit blumenkohl;blumenkohl curry;blumenkohlcurry;patate e cavolfiore;cavolfiore al curry;curry di cavolfiore;アルーゴビ;アルゴビ;カリフラワーカレー,north,veg,katori,1 katori (150 g),150,9.0,4.5,2.8,12.2,159,unknown,INDB 2024 recipe ASC171 (Potato cauliflower (Aloo gobhi)); per-100 g x 150 g,per100g_scaled,"INDB per-100 g values are per raw-ingredient weight (no yield factor); if the dish is reduced more than usual, true values per cooked gram are somewhat higher."
aloo_matar_katori,Aloo matar,আলু মটর,आलू मटर,ಆಲೂ ಮಟರ್,Aloo matar (curry de patata y guisantes),Aloo matar (curry de pommes de terre et petits pois),Aloo Matar (Kartoffel-Erbsen-Curry),Aloo matar (curry di patate e piselli),アルーマタール（じゃがいもとグリーンピースのカレー）,aloo matar;aloo mutter;alu matar;potato peas curry;matar aloo,patata con guisantes;curry de patata y guisantes;pommes de terre aux petits pois;curry de pommes de terre et petits pois;kartoffeln mit erbsen;kartoffel erbsen curry;patate e piselli;curry di patate e piselli;アルーマタール;アルマタール;じゃがいもとグリーンピース,north,veg,katori,1 katori (150 g),150,14.6,5.4,5.2,7.7,151,unknown,INDB 2024 recipe ASC190 (Pea potato curry (Aloo matar)); per-100 g x 150 g,per100g_scaled,"INDB per-100 g values are per raw-ingredient weight (no yield factor); if the dish is reduced more than usual, true values per cooked gram are somewhat higher."
bhindi_katori,Bhindi (okra) sabzi,ঢ্যাঁড়স ভাজা,भिंडी की सब्ज़ी,ಬೆಂಡೆಕಾಯಿ ಪಲ್ಯ,Bhindi (quimbombó salteado),Bhindi (gombos sautés),Bhindi (gebratene Okra),Bhindi (gombo saltato),ビンディ（オクラの炒め物）,bhindi;bhindi fry;bhindi masala;bhindi sabzi;okra;okra fry;ladies finger;ladyfinger;bhendi;bende kayi palya;dherosh bhaja;dherosh;vendakkai poriyal,quimbombó;quimbombo;okra salteada;gombo;gombos;gombos sautés;okraschoten;gebratene okra;gombo saltato;okra saltata;ビンディ;オクラ;オクラ炒め;ビンディマサラ,pan,veg,katori,1 katori (150 g),150,6.8,5.4,2.7,13.9,166,unknown,INDB 2024 recipe BFP269 (Okra/Lady's fingers fry (Bhindi sabzi/sabji/subji)); per-100 g x 150 g,per100g_scaled,"INDB per-100 g values are per raw-ingredient weight (no yield factor); if the dish is reduced more than usual, true values per cooked gram are somewhat higher."
baingan_bharta_katori,Baingan bharta (begun pora),বেগুন পোড়া,बैंगन का भर्ता,ಬದನೆಕಾಯಿ ಭರ್ತ,Baingan bharta (puré de berenjena asada),Baingan bharta (purée d'aubergine grillée),Baingan Bharta (Püree aus gerösteter Aubergine),Baingan bharta (purè di melanzane arrostite),バイガンバルタ（焼きなすのペースト）,baingan bharta;baingan ka bharta;bharta;begun pora;begun bharta;brinjal bharta;eggplant mash;vangyache bharit;badanekayi gojju,puré de berenjena;pure de berenjena;berenjena asada;purée d'aubergine;aubergine grillée;auberginenpüree;auberginen püree;purè di melanzane;melanzane arrostite;バイガンバルタ;ベイガンバルタ;焼きなすペースト,pan,veg,katori,1 katori (150 g),150,6.6,4.9,2.1,6.7,98,unknown,INDB 2024 recipe ASC177 (Brinjal bhartha (Baingan ka bhartha)); per-100 g x 150 g,per100g_scaled,"INDB per-100 g values are per raw-ingredient weight (no yield factor); if the dish is reduced more than usual, true values per cooked gram are somewhat higher."
mixed_veg_katori,Mixed vegetable sabzi,পাঁচমিশালি তরকারি,मिक्स वेज,ಮಿಕ್ಸ್ ವೆಜ್ ಪಲ್ಯ,Verduras mixtas (sabzi),Légumes mélangés (sabzi),Gemischtes Gemüse (Sabzi),Verdure miste (sabzi),ミックスベジタブルサブジ（野菜の炒め煮）,mixed veg;mix veg;mixed vegetable;mixed vegetable curry;sabzi;subzi;sabji;tarkari;torkari;panchmishali torkari;gobi matar aloo;mixed vegetable sabzi,verduras;verdura;verduras mixtas;verduras salteadas;légumes;légumes mélangés;légumes sautés;gemüse;gemischtes gemüse;mischgemüse;gemüsecurry;verdure;verdure miste;verdure saltate;野菜;サブジ;ミックス野菜;野菜炒め;野菜カレー,pan,veg,katori,1 katori (150 g),150,12.4,4.9,4.1,8.3,143,unknown,"INDB 2024 recipe BFP276 (Cauliflower, pea and potato bhujia (Phoolgobhi, matar aur aloo bhujia)); per-100 g x 150 g",per100g_scaled,"INDB 'Cauliflower, pea and potato bhujia' used as the representative mixed-vegetable sabzi. INDB per-100 g values are per raw-ingredient weight (no yield factor); if the dish is reduced more than usual, true values per cooked gram are somewhat higher."
cabbage_poriyal_katori,Cabbage poriyal / palya,বাঁধাকপির তরকারি,पत्तागोभी की सब्ज़ी,ಎಲೆಕೋಸು ಪಲ್ಯ,Poriyal de col (col salteada con coco),Poriyal de chou (chou sauté à la noix de coco),Kohl-Poriyal (gebratener Weißkohl mit Kokos),Poriyal di cavolo (cavolo saltato con cocco),キャベツのポリヤル（キャベツのココナッツ炒め）,cabbage poriyal;cabbage palya;cabbage thoran;kosu palya;ele kosu palya;bandhakopi;badhakopir torkari;patta gobhi sabzi;cabbage sabzi;cabbage stir fry,repollo;col salteada;repollo salteado;chou sauté;chou blanc sauté;weißkohl;weisskohl;gebratener kohl;cavolo saltato;verza saltata;キャベツ;キャベツ炒め;キャベツポリヤル,karnataka,veg,katori,1 katori (150 g),150,7.5,6.8,2.7,12.9,160,unknown,INDB 2024 recipe ASC181 (Carrot and cabbage with coconut (Nariyal ke saath pattagobhi aur gajar)); per-100 g x 150 g,per100g_scaled,"INDB 'Carrot and cabbage with coconut' (thoran-style) used. INDB per-100 g values are per raw-ingredient weight (no yield factor); if the dish is reduced more than usual, true values per cooked gram are somewhat higher."
beans_poriyal_katori,Beans palya / poriyal,বিনস ভাজা,बीन्स की सब्ज़ी,ಹುರುಳಿಕಾಯಿ ಪಲ್ಯ,Poriyal de judías verdes (salteadas con coco),Poriyal de haricots verts (sautés à la noix de coco),Bohnen-Poriyal (grüne Bohnen mit Kokos),Poriyal di fagiolini (saltati con cocco),いんげんのポリヤル（いんげん豆のココナッツ炒め）,beans palya;beans poriyal;beans thoran;hurali kayi palya;french beans sabzi;beans sabzi;green beans stir fry,judías verdes;judias verdes;judías verdes salteadas;haricots verts;haricots verts sautés;grüne bohnen;gebratene grüne bohnen;brechbohnen;fagiolini;fagiolini saltati;インゲン;さやいんげん;いんげん炒め;いんげんポリヤル,karnataka,veg,katori,1 katori (150 g),150,6.6,8.4,3.9,17.1,197,unknown,INDB 2024 recipe ASC179 (Beans with coconut (Nariyal aur sem/phali; Beans thoran)); per-100 g x 150 g,per100g_scaled,"INDB per-100 g values are per raw-ingredient weight (no yield factor); if the dish is reduced more than usual, true values per cooked gram are somewhat higher."
avial_katori,Avial,আভিয়াল,अवियल,ಅವಿಯಲ್,Avial (verduras mixtas con coco y yogur),Avial (légumes variés à la noix de coco et au yaourt),Avial (Mischgemüse in Kokos-Joghurt-Soße),Avial (verdure miste al cocco e yogurt),アヴィヤル（野菜のココナッツヨーグルト和え）,avial;aviyal;avail;mixed vegetables in coconut,verduras con coco;verduras al coco;légumes à la noix de coco;légumes au coco;gemüse mit kokos;kokosgemüse;verdure al cocco;アヴィヤル;アビヤル;アヴィアル,south,veg,katori,1 katori (150 g),150,12.7,8.2,3.7,13.4,187,unknown,INDB 2024 recipe ASC219 (Avial); per-100 g x 150 g,per100g_scaled,"INDB per-100 g values are per raw-ingredient weight (no yield factor); if the dish is reduced more than usual, true values per cooked gram are somewhat higher."
sarson_saag_katori,Sarson ka saag,সর্ষে শাক,सरसों का साग,ಸಾಸಿವೆ ಸೊಪ್ಪಿನ ಪಲ್ಯ,Sarson ka saag (guiso de hojas de mostaza),Sarson ka saag (purée de feuilles de moutarde),Sarson ka Saag (Senfblätter-Gericht),Sarson ka saag (crema di foglie di senape),サルソンカサーグ（からし菜の煮込み）,sarson ka saag;sarson saag;saag;mustard greens curry;sarso da saag,hojas de mostaza;guiso de hojas de mostaza;feuilles de moutarde;senfblätter;senfkohl;senfgrün;foglie di senape;サルソンカサーグ;サルソンサーグ;サーグ;からし菜カレー,north,veg,katori,1 katori (150 g),150,8.0,5.5,4.5,8.8,132,unknown,INDB 2024 recipe ASC217 (Sarson ka saag); per-100 g x 150 g,per100g_scaled,"INDB per-100 g values are per raw-ingredient weight (no yield factor); if the dish is reduced more than usual, true values per cooked gram are somewhat higher."
lauki_sabzi_katori,Lauki / lau (bottle gourd) sabzi,লাউয়ের তরকারি,लौकी की सब्ज़ी,ಸೋರೆಕಾಯಿ ಪಲ್ಯ,Lauki sabzi (calabaza vinatera guisada),Lauki sabzi (courge calebasse),Lauki Sabzi (Flaschenkürbis-Gemüse),Lauki sabzi (zucca a fiasco),ラウキサブジ（ユウガオの炒め煮）,lauki;lauki sabzi;lauki ki sabji;ghiya;dudhi;doodhi;lau;lau ghonto;lau torkari;bottle gourd curry;sorekai palya;sorakaya,calabaza vinatera;calabaza de peregrino;courge calebasse;calebasse;flaschenkürbis;flaschenkürbis curry;zucca a fiasco;zucca lunga;ラウキ;ラウキサブジ;ユウガオ;夕顔,pan,veg,katori,1 katori (150 g cooked),150,3.2,3.6,1.0,5.2,65,unknown,Recipe-derived: bottle_gourd 160 g [IFCT D007] + tomato 15 g [IFCT D075] + oil 5 g [FDC 171017],recipe_derived,Standard recipe; cooked weight assumes ~10% water loss.
shukto_katori,Shukto (Bengali mixed bitter vegetable),শুক্তো,शुक्तो,ಶುಕ್ತೋ,Shukto (verduras bengalíes con melón amargo),Shukto (légumes bengalis à la margose),Shukto (bengalisches Mischgemüse mit Bittergurke),Shukto (verdure miste bengalesi con melone amaro),シュクト（ゴーヤ入りベンガル風野菜煮）,shukto;sukto;shuktoni;shukto bengali;bitter gourd mixed veg,melón amargo;verduras con melón amargo;margose;légumes à la margose;melon amer;bittergurke;bittermelone;melone amaro;verdure con melone amaro;シュクト;シュクトー;ゴーヤ煮,bengali,veg,katori,1 katori (150 g),150,15.5,5.1,3.2,10.6,171,unknown,Recipe-derived: bitter_gourd 20 g [IFCT D004] + plantain_green 20 g [IFCT D063] + potato 20 g [IFCT F006] + sweet_potato 15 g [IFCT F013] + brinjal 20 g [IFCT D031] + drumstick 15 g [IFCT D046] + milk 20 g [IFCT L002] + ghee 3 g [FDC 2710168] + mustard_oil 5 g [FDC 172337] + poppy 2 g [IFCT G032] + mustard_seed 2 g [IFCT H013] + sugar 2 g [FDC 169655],recipe_derived,Standard Bengali recipe; vegetable mix varies by household.
aloo_posto_katori,Aloo posto (potato in poppy-seed paste),আলু পোস্ত,आलू पोस्तो,ಆಲೂ ಪೋಸ್ತೋ,Aloo posto (patata en pasta de semillas de amapola),Aloo posto (pommes de terre à la pâte de graines de pavot),Aloo Posto (Kartoffeln in Mohnpaste),Aloo posto (patate in pasta di semi di papavero),アルーポスト（じゃがいものケシの実ペースト煮）,aloo posto;alu posto;aloo posta;alur posto;posto;potato poppy seed,patata con amapola;patatas con semillas de amapola;pommes de terre au pavot;kartoffeln mit mohn;mohnkartoffeln;patate al papavero;patate ai semi di papavero;アルーポスト;アルポスト;ケシの実じゃがいも,bengali,veg,katori,1 katori (150 g),150,20.1,5.3,4.4,11.9,209,unknown,Recipe-derived: potato 125 g [IFCT F006] + poppy 12 g [IFCT G032] + mustard_oil 8 g [FDC 172337],recipe_derived,Standard Bengali recipe.
begun_bhaja_piece,Begun bhaja (fried brinjal slice),বেগুন ভাজা,बैंगन भाजा,ಬದನೆಕಾಯಿ ಫ್ರೈ,Begun bhaja (rodaja de berenjena frita),Begun bhaja (tranche d'aubergine frite),Begun Bhaja (gebratene Auberginenscheibe),Begun bhaja (fetta di melanzana fritta),ベグンバジャ（なすの輪切り揚げ焼き）,begun bhaja;baigun bhaja;begun vaja;fried brinjal;brinjal fry;baingan fry;eggplant fry,berenjena frita;rodaja de berenjena frita;aubergine frite;aubergines frites;gebratene aubergine;auberginenscheibe;melanzana fritta;melanzane fritte;ベグンバジャ;揚げなす,bengali,veg,piece,"1 slice (~35 g fried, from 45 g brinjal)",35,1.6,1.8,0.7,5.1,56,unknown,Recipe-derived: brinjal 45 g [IFCT D031] + mustard_oil 5 g [FDC 172337],recipe_derived,Brinjal absorbs a lot of oil; 5 g absorbed oil per slice assumed. Frying-oil uptake is an assumption (see SOURCES.md); actual values vary with cook and oil temperature.
beguni_piece,Beguni (batter-fried brinjal),বেগুনি,बेगुनी,ಬದನೆಕಾಯಿ ಬಜ್ಜಿ,Beguni (berenjena rebozada y frita),Beguni (beignet d'aubergine),Beguni (Aubergine im Teigmantel frittiert),Beguni (frittella di melanzana in pastella),ベグニ（なすの天ぷら風フリッター）,beguni;begooni;brinjal fritter;baingan pakora;badanekayi bajji;telebhaja,berenjena rebozada;buñuelo de berenjena;beignet d'aubergine;beignets d'aubergine;aubergine im teigmantel;auberginen im teig;melanzane in pastella;frittella di melanzana;ベグニ;なすの天ぷら;ナス天ぷら,bengali,snack,piece,1 piece (~35 g),35,6.2,1.9,2.3,5.6,89,unknown,Recipe-derived: brinjal 25 g [IFCT D031] + besan 8 g [FDC 174288] + rice_flour 2 g [FDC 169714] + oil 5 g [FDC 171017],recipe_derived,Frying-oil uptake is an assumption (see SOURCES.md); actual values vary with cook and oil temperature.
chicken_curry_katori,Chicken curry,মুরগির ঝোল,चिकन करी,ಕೋಳಿ ಸಾರು,Curry de pollo,Curry de poulet,Hähnchen-Curry,Curry di pollo,チキンカレー（鶏肉のカレー）,chicken curry;murgir jhol;murgir mangsho;chicken jhol;chicken masala;chicken gravy;murgh curry;kozhi curry;koli saaru;chicken saaru,curry de pollo;pollo al curry;curry de poulet;poulet au curry;hähnchencurry;hähnchen curry;hühnercurry;huhn curry;curry di pollo;pollo al curry;チキンカレー;鶏肉カレー;鶏カレー,pan,nonveg,katori,1 katori (150 g),150,5.1,2.1,17.7,11.4,194,unknown,INDB 2024 recipe ASC240 (Chicken curry); per-100 g x 150 g,per100g_scaled,"INDB recipe with boneless chicken; values per raw-ingredient weight, so per cooked gram may be ~10-20% higher. INDB per-100 g values are per raw-ingredient weight (no yield factor); if the dish is reduced more than usual, true values per cooked gram are somewhat higher."
butter_chicken_katori,Butter chicken,বাটার চিকেন,बटर चिकन,ಬಟರ್ ಚಿಕನ್,Butter chicken (pollo a la mantequilla),Butter chicken (poulet au beurre),Butter Chicken (Butterhähnchen),Butter chicken (pollo al burro),バターチキン（鶏肉のバタートマトカレー）,butter chicken;murgh makhani;chicken makhani;chicken makhanwala,pollo a la mantequilla;pollo con mantequilla;poulet au beurre;butterhähnchen;butterhuhn;hähnchen in buttersoße;pollo al burro;バターチキン;バターチキンカレー,north,nonveg,katori,1 katori (150 g),150,5.6,2.0,16.4,13.0,206,unknown,INDB 2024 recipe ASC242 (Butter chicken); per-100 g x 150 g,per100g_scaled,"INDB per-100 g values are per raw-ingredient weight (no yield factor); if the dish is reduced more than usual, true values per cooked gram are somewhat higher."
tandoori_chicken_serving,Tandoori chicken,তন্দুরি চিকেন,तंदूरी चिकन,ತಂದೂರಿ ಚಿಕನ್,"Pollo tandoori (asado en horno tandoor, ~2 piezas)","Poulet tandoori (rôti au four tandoor, ~2 morceaux)","Tandoori-Hähnchen (im Tandoor gegrillt, ~2 Stück)","Pollo tandoori (cotto nel tandoor, ~2 pezzi)",タンドリーチキン（タンドール窯焼きの鶏肉・約2切れ）,tandoori chicken;tandoori murgh;chicken tandoori;tangdi kabab;chicken tikka,pollo tandoori;pollo asado tandoori;poulet tandoori;tandoori hähnchen;tandoorihähnchen;tandoori huhn;pollo tandoori;タンドリーチキン;タンドーリチキン;チキンティッカ,north,nonveg,serving,"1 serving (150 g edible, ~2 pieces)",150,3.5,0.8,24.4,11.9,218,unknown,INDB 2024 recipe ASC241 (Tandoori chicken); per-100 g x 150 g,per100g_scaled,"INDB per-100 g values are per raw-ingredient weight (no yield factor); if the dish is reduced more than usual, true values per cooked gram are somewhat higher."
egg_curry_serving,Egg curry (1 egg with gravy),ডিমের ঝোল,अंडा करी,ಮೊಟ್ಟೆ ಸಾರು,Curry de huevo (1 huevo con salsa),Curry d'œuf (1 œuf en sauce),Eier-Curry (1 Ei mit Soße),Curry di uova (1 uovo con sugo),エッグカレー（卵1個とカレーソース）,egg curry;anda curry;dimer jhol;dim er jhol;egg masala;motte saaru;motte curry;muttai kulambu,curry de huevo;huevo al curry;huevos al curry;curry d'œuf;curry d'oeuf;curry aux œufs;curry aux oeufs;oeuf au curry;eiercurry;eier curry;ei curry;curry di uova;curry di uovo;uova al curry;エッグカレー;卵カレー;ゆで卵カレー,pan,nonveg,serving,1 egg with gravy (INDB serving),152,6.1,3.2,8.2,13.4,178,unknown,"INDB 2024 recipe BFP240 (Egg curry (Anda curry)); INDB per-serving values (1 bowl, INDB serving weight 152 g)",direct,INDB serving weight is the sum of raw ingredients (no cooking-loss/yield correction).
dimer_dalna_serving,Dimer dalna (egg and potato curry),ডিমের ডালনা,अंडा आलू करी,ಮೊಟ್ಟೆ ಆಲೂ ಸಾರು,Dimer dalna (curry de huevo y patata),Dimer dalna (curry d'œuf et pommes de terre),Dimer Dalna (Ei-Kartoffel-Curry),Dimer dalna (curry di uova e patate),ディマーダルナ（卵とじゃがいものカレー）,dimer dalna;dim er dalna;dimer dalna with potato;egg potato curry;dim aloo;egg aloo curry,curry de huevo y patata;huevo con patata al curry;curry d'œuf et pommes de terre;curry oeuf pommes de terre;ei kartoffel curry;eier kartoffel curry;curry di uova e patate;uova e patate al curry;ディマーダルナ;ディメルダルナ;卵とじゃがいものカレー,bengali,nonveg,serving,1 egg + potato with gravy (~170 g),170,11.6,1.7,7.5,13.5,200,unknown,Recipe-derived: egg_boiled 50 g [FDC 173424] + potato 50 g [IFCT F006] + onion 20 g [IFCT G017] + tomato 20 g [IFCT D075] + mustard_oil 8 g [FDC 172337] + sugar 1 g [FDC 169655] + water 25 g,recipe_derived,Standard Bengali recipe.
boiled_egg_piece,Boiled egg,সেদ্ধ ডিম,उबला अंडा,ಬೇಯಿಸಿದ ಮೊಟ್ಟೆ,Huevo duro,Œuf dur,Gekochtes Ei,Uovo sodo,ゆで卵,boiled egg;egg;anda;dim;dim sedho;hard boiled egg;ubla anda;motte,huevo;huevos;huevo duro;huevo cocido;huevo hervido;œuf;oeuf;œufs;oeufs;œuf dur;oeuf dur;ei;eier;gekochtes ei;hartgekochtes ei;uovo;uova;uovo sodo;卵;たまご;ゆで卵;ゆでたまご;玉子;ゆで玉子,pan,nonveg,piece,1 large egg (50 g edible),50,0.6,0.0,6.3,5.3,78,unknown,"USDA FDC 173424 (SR Legacy: Egg, whole, cooked, hard-boiled); per-100 g x 50 g",per100g_scaled,
omelette_piece,Omelette (1 egg),ওমলেট,ऑमलेट,ಆಮ್ಲೆಟ್,Tortilla francesa (1 huevo),Omelette (1 œuf),Omelett (1 Ei),Frittata (1 uovo),オムレツ（卵1個）,omelette;omelet;omlet;amlet;mamlet;egg omelette;masala omelette;anda omelette;dimer omelette,tortilla francesa;tortilla de huevo;omelette nature;omelette indienne;omelett;omlett;frittata;オムレツ;マサラオムレツ,pan,nonveg,piece,1-egg omelette (~55 g),55,0.0,0.0,9.1,6.4,93,unknown,"IFCT 2017 M007 (Egg, poultry, omlet); per-100 g x 55 g",per100g_scaled,IFCT 2017 analysed omelette; a masala omelette with onion/extra oil is slightly higher.
mutton_curry_katori,Mutton curry,পাঁঠার মাংসের ঝোল,मटन करी,ಮಟನ್ ಸಾರು,Curry de carnero (cabra o cordero),Curry de mouton (chèvre ou agneau),Hammelcurry (Ziege oder Lamm),Curry di montone (capra o agnello),マトンカレー（ヤギ・羊肉のカレー）,mutton curry;mutton;mutton masala;mutton gravy;gosht;rogan josh;roghan josh;mangsher jhol;mangsho;goat curry;lamb curry;kuri saaru;mutton saaru,curry de carnero;curry de cordero;curry de cabra;cordero al curry;curry de mouton;curry d'agneau;curry de chèvre;mouton au curry;hammelcurry;hammel curry;lammcurry;lamm curry;ziegencurry;curry di montone;curry di agnello;curry di capra;マトンカレー;羊肉カレー;ラムカレー;ヤギ肉カレー,pan,nonveg,katori,1 katori (150 g),150,7.4,3.1,14.3,13.5,209,unknown,INDB 2024 recipe ASC227 (Roghan josh); per-100 g x 150 g,per100g_scaled,"INDB 'Roghan josh' used as representative mutton curry. INDB per-100 g values are per raw-ingredient weight (no yield factor); if the dish is reduced more than usual, true values per cooked gram are somewhat higher."
kosha_mangsho_katori,Kosha mangsho (Bengali dry mutton curry),কষা মাংস,कोषा मांगशो,ಕೋಷಾ ಮಾಂಸ,Kosha mangsho (carnero bengalí guisado en seco),Kosha mangsho (mouton bengali mijoté à sec),Kosha Mangsho (bengalisches trockenes Hammelcurry),Kosha mangsho (montone bengalese stufato asciutto),コシャマンショ（ベンガル風汁なしマトンカレー）,kosha mangsho;kosha mangso;kosha mutton;kasha mangsho;bengali mutton kosha;golbari kosha,carnero bengalí;cordero bengalí;curry seco de cordero;mouton bengali;curry de mouton sec;trockenes hammelcurry;bengalisches hammelcurry;montone bengalese;curry di montone asciutto;コシャマンショ;コシャマングショ;コシャマトン,bengali,nonveg,katori,1 katori (~150 g; from 100 g raw mutton),150,4.5,1.0,21.5,24.5,323,unknown,Recipe-derived: goat 100 g [IFCT O001] + onion 40 g [IFCT G017] + curd 15 g [FDC 171284] + mustard_oil 12 g [FDC 172337],recipe_derived,"Rich, oil-heavy dish; 12 g mustard oil per serving assumed. Often served with potato (+~15 g carbs)."
macher_jhol_katori,Macher jhol (Bengali fish curry),মাছের ঝোল,माछेर झोल (बंगाली मछली करी),ಮೀನಿನ ಸಾರು (ಬಂಗಾಳಿ),Macher jhol (curry bengalí de pescado),Macher jhol (curry de poisson bengali),Macher Jhol (bengalisches Fischcurry),Macher jhol (curry di pesce bengalese),マチェルジョル（ベンガル風魚カレー）,macher jhol;maacher jhol;machher jhol;mach er jhol;fish jhol;bengali fish curry;rui macher jhol;katla jhol;fish curry bengali,curry bengalí de pescado;curry de pescado bengalí;curry de poisson bengali;bengalisches fischcurry;curry di pesce bengalese;マチェルジョル;マーチェルジョル;ベンガル魚カレー,bengali,nonveg,katori,1 katori (150 g; ~1 piece fish),150,6.6,2.9,10.9,10.5,164,unknown,INDB 2024 recipe BFP223 (Bengal fish curry (Bengali machli curry)); per-100 g x 150 g,per100g_scaled,"INDB 'Bengal fish curry' (mustard oil). INDB per-100 g values are per raw-ingredient weight (no yield factor); if the dish is reduced more than usual, true values per cooked gram are somewhat higher."
fish_curry_katori,Fish curry,মাছের কারি,मछली करी,ಮೀನು ಸಾರು,Curry de pescado,Curry de poisson,Fischcurry,Curry di pesce,フィッシュカレー（魚のカレー）,fish curry;machli curry;machhi curry;meen curry;meen kuzhambu;meenu saaru;meen gassi;fish masala;fish gravy,curry de pescado;pescado al curry;curry de poisson;poisson au curry;fischcurry;fisch curry;curry di pesce;pesce al curry;フィッシュカレー;魚カレー;魚のカレー,pan,nonveg,katori,1 katori (150 g),150,5.7,2.8,13.1,10.0,167,unknown,INDB 2024 recipe ASC246 (Fish curry (Machli curry)); per-100 g x 150 g,per100g_scaled,"INDB recipe with rohu. INDB per-100 g values are per raw-ingredient weight (no yield factor); if the dish is reduced more than usual, true values per cooked gram are somewhat higher."
chingri_malaikari_katori,Chingri malaikari (prawn coconut curry),চিংড়ি মালাইকারি,झींगा मलाई करी,ಸಿಗಡಿ ಮಲೈಕರಿ,Chingri malaikari (curry de gambas con coco),Chingri malaikari (curry de crevettes au lait de coco),Chingri Malaikari (Garnelen-Kokos-Curry),Chingri malaikari (curry di gamberi al cocco),チングリマライカリ（エビのココナッツカレー）,chingri malaikari;chingri malai curry;prawn malai curry;prawn malaikari;prawn curry;jhinga curry;chingri;shrimp curry;sigadi curry,gambas;curry de gambas;gambas al curry;curry de langostinos;gambas con coco;crevettes;curry de crevettes;crevettes au curry;crevettes au coco;garnelen;garnelencurry;garnelen curry;krabbencurry;gamberi;curry di gamberi;gamberi al curry;gamberi al cocco;チングリマライカリ;エビカレー;海老カレー;えびカレー;エビ;海老,bengali,nonveg,katori,1 katori (150 g),150,4.7,2.3,12.8,10.4,164,unknown,INDB 2024 recipe BFP230 (Prawn curry (with coconut) (Jhinga curry)); per-100 g x 150 g,per100g_scaled,Closest INDB match is 'Prawn curry (with coconut)'; true malaikari uses coconut milk and ghee and is likely richer in fat.
fish_fry_piece,Fish fry (mach bhaja),মাছ ভাজা,मछली फ्राई,ಮೀನು ಫ್ರೈ,Pescado frito (mach bhaja),Poisson frit (mach bhaja),Gebratener Fisch (Mach Bhaja),Pesce fritto (mach bhaja),フィッシュフライ（魚の揚げ焼き）,fish fry;mach bhaja;maach bhaja;macher bhaja;rui mach bhaja;fried fish;tawa fish;fish tawa fry;meen fry;meenu fry,pescado frito;poisson frit;poisson poêlé;gebratener fisch;frittierter fisch;bratfisch;pesce fritto;pesce in padella;フィッシュフライ;魚フライ;揚げ魚,bengali,nonveg,piece,"1 piece (~50 g fried, from 60 g raw rohu/katla)",50,0.0,0.0,11.8,5.4,97,unknown,Recipe-derived: rohu 60 g [IFCT S006] + mustard_oil 4 g [FDC 172337],recipe_derived,"Turmeric-salt pan-fried fish. Breaded Kolkata 'fish fry' cutlet is different (~2x kcal, ~15 g carbs). Frying-oil uptake is an assumption (see SOURCES.md); actual values vary with cook and oil temperature."
samosa_piece,Samosa,শিঙাড়া,समोसा,ಸಮೋಸ,Samosa (empanadilla frita de patata),Samosa (chausson frit aux pommes de terre),Samosa (frittierte Teigtasche mit Kartoffeln),Samosa (fagottino fritto di patate),サモサ（じゃがいもの揚げパイ）,samosa;samosha;shingara;singara;singhara;aloo samosa;samsa;samose,samosas;empanadilla india;samoussa;samoussas;samosas;samosas;samosa di patate;サモサ;サモーサ,pan,snack,piece,1 samosa (75 g; FNDDS portion),75,23.5,1.4,3.9,13.1,232,unknown,USDA FDC 2708730 (FNDDS 2021-2023: Samosa); per-100 g x 75 g,per100g_scaled,USDA FNDDS 'Samosa' (as eaten). INDB samosa not used: it counts all frying oil.
kachori_piece,Kachori (moong dal),কচুরি,कचौड़ी,ಕಚೋರಿ,Kachori (empanada frita rellena de dal moong),Kachori (beignet farci au dal moong),Kachori (frittiertes Gebäck mit Moong-Dal-Füllung),Kachori (sfoglia fritta ripiena di dal moong),カチョリ（ムング豆入り揚げパン）,kachori;kachauri;kachuri;khasta kachori;dal kachori;moong dal kachori;koraishutir kochuri,kachoris;kachori de dal;kachoris;kachoris;kachori di dal;カチョリ;カチョーリ;カチョリー,pan,snack,piece,1 kachori (~45 g),45,22.8,1.4,4.5,10.3,202,unknown,Recipe-derived: maida 25 g [IFCT A018] + moong_dal 8 g [IFCT B010] + oil 10 g [FDC 171017],recipe_derived,3 g oil in dough + 7 g absorbed; INDB kachori not used (counts all frying oil). Frying-oil uptake is an assumption (see SOURCES.md); actual values vary with cook and oil temperature.
pakora_plate,"Pakora / pakoda (onion), 4 pieces",পেঁয়াজি,पकौड़ा,ಈರುಳ್ಳಿ ಬಜ್ಜಿ,"Pakora / pakoda (de cebolla), 4 unidades","Pakora / pakoda (à l'oignon), 4 pièces","Pakora / Pakoda (Zwiebel), 4 Stück","Pakora / pakoda (di cipolla), 4 pezzi",パコラ（玉ねぎのフリッター・4個）,pakora;pakoda;pakodi;pakore;bhajji;bhaji;bajji;onion pakoda;pyaaz pakora;kanda bhaji;piyaji;peyaji;telebhaja;fritters;bhajia,pakoras;pakora de cebolla;buñuelos de cebolla;pakoras;beignets d'oignon;beignets aux oignons;pakoras;zwiebel pakora;zwiebelpakora;pakora di cipolla;frittelle di cipolla;パコラ;パコダ;パコーラ;オニオンパコラ;玉ねぎフリッター,pan,snack,serving,4 pieces (~60 g),60,14.6,3.0,5.1,10.5,182,unknown,Recipe-derived: besan 20 g [FDC 174288] + onion 30 g [IFCT G017] + rice_flour 3 g [FDC 169714] + oil 9 g [FDC 171017],recipe_derived,9 g absorbed oil per 60 g (15% fat by weight) assumed. Frying-oil uptake is an assumption (see SOURCES.md); actual values vary with cook and oil temperature.
medu_vada_piece,Medu vada,মেদু বড়া,मेदु वड़ा,ಉದ್ದಿನ ವಡೆ,Medu vada (rosquilla salada de lentejas urad),Medu vada (beignet salé de lentilles urad),Medu Vada (herzhafter Linsen-Donut),Medu vada (ciambella salata di lenticchie urad),メドゥワダ（ウラド豆のドーナツ形揚げ物）,medu vada;medu wada;vada;vadai;wada;vade;uddina vade;ulundu vadai;minapa garelu;urad dal vada;sambar vada,rosquilla de lentejas;donut salado de lentejas;beignet de lentilles urad;linsen donut;linsendonut;ciambella di lenticchie;メドゥワダ;メドゥヴァダ;ヴァダ,south,snack,piece,1 vada (~50 g),50,13.0,3.1,5.8,6.4,136,unknown,Recipe-derived: urad_dal 25 g [IFCT B003] + onion 3 g [IFCT G017] + oil 6 g [FDC 171017],recipe_derived,6 g absorbed oil (~12% fat by weight) assumed; INDB medu vada not used (counts all frying oil). Frying-oil uptake is an assumption (see SOURCES.md); actual values vary with cook and oil temperature.
masala_vada_piece,Masala vada (chana dal vada),ডালের বড়া,मसाला वड़ा,ಮಸಾಲೆ ವಡೆ,Masala vada (buñuelo de dal chana),Masala vada (galette frite de dal chana),Masala Vada (frittierter Chana-Dal-Taler),Masala vada (frittella di dal chana),マサラワダ（チャナダールの揚げ物）,masala vada;masala vade;paruppu vadai;chattambade;ambode;dal vada;chana dal vada;dal bora,buñuelo de dal chana;vada de garbanzo;beignet de dal chana;beignet de pois chiches;chana dal taler;kichererbsen vada;frittella di dal chana;vada di ceci;マサラワダ;マサラヴァダ,south,snack,piece,1 vada (~45 g),45,12.6,4.0,5.5,7.4,140,unknown,Recipe-derived: chana_dal 25 g [IFCT B001] + onion 10 g [IFCT G017] + oil 6 g [FDC 171017],recipe_derived,Frying-oil uptake is an assumption (see SOURCES.md); actual values vary with cook and oil temperature.
bonda_piece,Aloo bonda / batata vada,আলুর চপ,आलू बोंडा / बटाटा वड़ा,ಆಲೂ ಬೋಂಡಾ,Aloo bonda / batata vada (bola de patata rebozada y frita),Aloo bonda / batata vada (boulette de pomme de terre en beignet),Aloo Bonda / Batata Vada (frittiertes Kartoffelbällchen im Teig),Aloo bonda / batata vada (polpetta di patate in pastella fritta),アルーボンダ（じゃがいもの衣揚げ）,bonda;aloo bonda;potato bonda;batata vada;alur chop;aloo chop;alu chop;mysore bonda,bola de patata frita;bola de patata rebozada;beignet de pomme de terre;boulette de pomme de terre;kartoffelbällchen;frittierte kartoffelbällchen;polpetta di patate fritta;frittella di patate;アルーボンダ;ボンダ;バタタワダ,pan,snack,piece,1 piece (~60 g),60,12.1,2.1,3.4,6.9,130,unknown,Recipe-derived: potato 40 g [IFCT F006] + onion 5 g [IFCT G017] + besan 12 g [FDC 174288] + oil 6 g [FDC 171017],recipe_derived,"Mysore bonda (maida-curd batter, no potato) differs. Frying-oil uptake is an assumption (see SOURCES.md); actual values vary with cook and oil temperature."
dhokla_piece,Dhokla,ধোকলা,ढोकला,ಢೋಕ್ಲಾ,Dhokla (bizcocho salado de harina de garbanzo al vapor),Dhokla (gâteau salé vapeur à la farine de pois chiche),Dhokla (gedämpfter Kichererbsenmehl-Kuchen),Dhokla (tortino salato di farina di ceci al vapore),ドクラ（ひよこ豆粉の蒸しケーキ）,dhokla;khaman;khaman dhokla;besan dhokla;dokla,dhoklas;bizcocho de garbanzo;gâteau de pois chiche vapeur;dhoklas;kichererbsenkuchen;tortino di ceci;ドクラ;ドークラ,pan,snack,piece,1 piece (INDB serving),40,12.3,2.0,5.4,2.1,87,unknown,"INDB 2024 recipe ASC474 (Dhokla); INDB per-serving values (1 piece, INDB serving weight 40 g)",direct,INDB serving weight is the sum of raw ingredients (no cooking-loss/yield correction).
pav_bhaji_plate,Pav bhaji (bhaji + 2 pav),পাও ভাজি,पाव भाजी,ಪಾವ್ ಭಾಜಿ,Pav bhaji (puré de verduras especiado con 2 panecillos),Pav bhaji (purée de légumes épicée et 2 petits pains),Pav Bhaji (würziges Gemüsepüree mit 2 Brötchen),Pav bhaji (purè di verdure speziato con 2 panini),パオバジ（スパイス野菜カレーとパン2個）,pav bhaji;pao bhaji;paav bhaji;bhaji pav,puré de verduras con pan;purée de légumes et petits pains;gemüsepüree mit brötchen;purè di verdure con panini;パオバジ;パーヴバージ;パブバジ,pan,snack,plate,1 plate (bhaji + ~2 pav; INDB serving),580,69.7,11.5,15.5,25.1,561,unknown,"INDB 2024 recipe OSR112 (Pav bhaji); INDB per-serving values (1 nan, INDB serving weight 581 g)",direct,INDB recipe includes buttered buns (~103 g bun per serving). INDB serving weight is the sum of raw ingredients (no cooking-loss/yield correction).
sprouts_salad_katori,Sprouted moong salad,অঙ্কুরিত মুগের স্যালাড,अंकुरित मूंग सलाद,ಮೊಳಕೆ ಹೆಸರುಕಾಳು ಸಲಾಡ್,Ensalada de brotes de moong,Salade de pousses de mungo,Mungsprossen-Salat,Insalata di germogli di fagioli mung,スプラウトサラダ（緑豆もやしのサラダ）,sprouts;sprouts salad;sprouted moong;moong sprouts;sprouts chaat;ankurit moong;molake kaalu,brotes;ensalada de brotes;brotes de moong;brotes de mungo;brotes de soja;germinados;pousses;salade de pousses;pousses de soja;graines germées;sprossen;sprossensalat;mungsprossen;keimlinge;germogli;insalata di germogli;germogli di soia;もやし;もやしサラダ;スプラウト;スプラウトサラダ;緑豆もやし,pan,snack,katori,1 katori (150 g),150,8.2,1.4,3.4,1.1,57,unknown,INDB 2024 recipe ASC259 (Sprouted moong salad); per-100 g x 150 g,per100g_scaled,
roasted_chana_katori,Roasted chana,ছোলা ভাজা,भुने चने,ಹುರಿಗಡಲೆ,Garbanzos tostados (chana),Pois chiches grillés (chana),Geröstete Kichererbsen (Chana),Ceci tostati (chana),ローストチャナ（炒りひよこ豆）,roasted chana;bhuna chana;chana;chola bhaja;phutana;hurigadale;putani;roasted gram;chana snack,garbanzos tostados;garbanzo tostado;pois chiches grillés;pois chiches torréfiés;geröstete kichererbsen;ceci tostati;ceci abbrustoliti;ローストチャナ;チャナ;炒りひよこ豆;煎りひよこ豆,pan,snack,katori,1 small katori (30 g),30,11.9,7.6,5.6,1.5,86,unknown,"IFCT 2017 B002 (Bengal gram, whole); per-100 g x 30 g",per100g_scaled,"IFCT whole Bengal gram (raw) used as proxy; roasting removes a little water, so true values are slightly higher."
peanuts_handful,Peanuts (handful),চিনাবাদাম,मूंगफली,ಕಡಲೆಕಾಯಿ,Cacahuetes (un puñado),Cacahuètes (une poignée),Erdnüsse (eine Handvoll),Arachidi (una manciata),ピーナッツ（ひとつかみ）,peanuts;peanut;groundnut;moongphali;mungfali;china badam;badam bhaja;kadlekai;shenga,cacahuetes;cacahuete;maní;mani;cacahuates;cacahuètes;cacahuète;cacahuetes;arachides;erdnüsse;erdnuss;erdnuesse;arachidi;arachide;noccioline;nocciolina;ピーナッツ;ピーナツ;落花生;南京豆,pan,snack,serving,1 handful (30 g),30,5.2,3.1,7.1,11.9,156,unknown,IFCT 2017 H012 (Ground nut); per-100 g x 30 g,per100g_scaled,IFCT raw groundnut values.
chikki_piece,Peanut chikki,বাদাম চাক্তি,मूंगफली चिक्की,ಕಡಲೆಕಾಯಿ ಚಿಕ್ಕಿ,Chikki de cacahuete (crocante de cacahuete con jaggery),Chikki aux cacahuètes (nougatine à la jaggery),Erdnuss-Chikki (Erdnusskrokant mit Jaggery),Chikki di arachidi (croccante di arachidi con jaggery),ピーナッツチッキ（ピーナッツのジャガリー固め菓子）,chikki;peanut chikki;groundnut chikki;badam chakti;gajak;peanut brittle;kadalekai chikki,crocante de cacahuete;turrón de cacahuete;nougatine aux cacahuètes;nougat de cacahuètes;erdnusskrokant;erdnuss krokant;croccante di arachidi;チッキ;ピーナッツチッキ,pan,sweet,piece,1 piece (INDB serving),25,11.7,0.6,1.7,2.7,79,unknown,"INDB 2024 recipe ASC382 (Peanut brittle (Moongfali ki chikki)); INDB per-serving values (1 piece, INDB serving weight 25 g)",direct,INDB serving weight is the sum of raw ingredients (no cooking-loss/yield correction).
papad_roasted_piece,Papad (roasted),পাঁপড় (সেঁকা),पापड़ (भुना),ಹಪ್ಪಳ (ಸುಟ್ಟ),Papad (tostado),Papad (grillé),Papad (geröstet),Papad (tostato),パパド（あぶり焼き豆せんべい）,papad;papadum;pappadam;poppadom;papar;papor;pampad;happala;roasted papad,papad tostado;papadum tostado;papad grillé;papadum grillé;gerösteter papad;papad geröstet;papad tostato;パパド;パパダム;焼きパパド,pan,accompaniment,piece,1 medium papad (12 g),12,5.0,2.2,3.1,0.4,45,unknown,USDA FDC 168106 (SR Legacy: Papad); per-100 g x 12 g,per100g_scaled,
papad_fried_piece,Papad (fried),পাঁপড় ভাজা,पापड़ (तला),ಹಪ್ಪಳ (ಕರಿದ),Papad (frito),Papad (frit),Papad (frittiert),Papad (fritto),パパド（揚げ豆せんべい）,fried papad;papad fry;papor bhaja;fried pappadam;fried happala,papad frito;papadum frito;papad frit;papadum frit;frittierter papad;papad frittiert;papad fritto;揚げパパド;パパド揚げ,pan,accompaniment,piece,"1 medium papad, fried (~15 g)",15,5.0,2.2,3.1,3.4,71,unknown,Recipe-derived: papad 12 g [FDC 168106] + oil 3 g [FDC 171017],recipe_derived,Frying-oil uptake is an assumption (see SOURCES.md); actual values vary with cook and oil temperature.
mishti_doi_cup,Mishti doi (sweet curd),মিষ্টি দই,मिष्टी दोई,ಮಿಷ್ಟಿ ದೋಯಿ,Mishti doi (yogur dulce bengalí),Mishti doi (yaourt sucré bengali),Mishti Doi (süßer bengalischer Joghurt),Mishti doi (yogurt dolce bengalese),ミシュティドイ（ベンガルの甘いヨーグルト）,mishti doi;misti doi;mishti dahi;sweet curd;sweet dahi;sweet yogurt;lal doi,yogur dulce;yogur azucarado;yaourt sucré;süßer joghurt;süsser joghurt;yogurt dolce;yogurt zuccherato;ミシュティドイ;ミスティドイ;甘いヨーグルト;加糖ヨーグルト,bengali,sweet,cup,1 small clay cup (100 g),100,19.4,0.0,4.9,6.7,156,unknown,Recipe-derived: milk 150 g [IFCT L002] + sugar 12 g [FDC 169655],recipe_derived,150 ml whole milk reduced to ~100 g and set with 12 g sugar/caramel (standard recipe).
rasgulla_piece,Rasgulla (rosogolla),রসগোল্লা,रसगुल्ला,ರಸಗುಲ್ಲ,Rasgulla (bolita de queso fresco en almíbar),Rasgulla (boule de fromage frais au sirop),Rasgulla (Frischkäsebällchen in Sirup),Rasgulla (pallina di formaggio fresco allo sciroppo),ラスグッラ（チーズ団子のシロップ漬け）,rasgulla;rasagola;rosogolla;roshogolla;rossogolla;rasagulla;rasgolla;sponge rasgulla,rasgullas;bolitas de queso en almíbar;rasgullas;boules de fromage au sirop;rasgullas;käsebällchen in sirup;palline di formaggio allo sciroppo;ラスグッラ;ラスグラ;ロショゴッラ;ロソゴッラ,bengali,sweet,piece,1 piece with some syrup (~50 g),50,15.1,0.0,2.1,3.0,94,unknown,"Recipe-derived: chhena_from_milk 75 ml milk [chhena, IFCT L002] + maida 1 g [IFCT A018] + sugar 14 g [FDC 169655]",recipe_derived,Chhena from 75 ml milk + ~14 g sugar absorbed from syrup (assumption). INDB rasgulla (BFP392) not used: its per-serving value includes the whole syrup.
sandesh_piece,Sandesh,সন্দেশ,संदेश,ಸಂದೇಶ್,Sandesh (dulce bengalí de queso fresco),Sandesh (douceur bengalie au fromage frais),Sandesh (bengalische Frischkäse-Süßigkeit),Sandesh (dolce bengalese di formaggio fresco),ションデシュ（ベンガルのチーズ菓子）,sandesh;sondesh;shondesh;sandesh sweet;nolen gurer sandesh;kanchagolla,dulce bengalí de queso;douceur au fromage frais;frischkäsekonfekt;frischkäse süßigkeit;dolce bengalese di formaggio;ションデシュ;サンデシュ;ソンデシュ,bengali,sweet,piece,1 piece (~30 g),30,8.5,0.0,2.6,4.0,80,unknown,"Recipe-derived: chhena_from_milk 100 ml milk [chhena, IFCT L002] + sugar 8 g [FDC 169655]",recipe_derived,Chhena from 100 ml milk + 8 g sugar (standard recipe).
gulab_jamun_piece,Gulab jamun,গোলাপ জাম / পান্তুয়া,गुलाब जामुन,ಗುಲಾಬ್ ಜಾಮೂನ್,Gulab jamun (bolita frita de leche en almíbar),Gulab jamun (boulette frite au lait en sirop),Gulab Jamun (frittiertes Milchbällchen in Sirup),Gulab jamun (polpettina fritta di latte allo sciroppo),グラブジャムン（揚げミルク団子のシロップ漬け）,gulab jamun;gulabjamun;gulab jamoon;jamun sweet;pantua;kalo jaam;kala jamun;lal mohan,gulab jamuns;bolitas de leche en almíbar;gulab jamuns;gulab jamuns;milchbällchen in sirup;polpettine di latte allo sciroppo;グラブジャムン;グラブジャムーン;グラーブジャームン,pan,sweet,piece,1 piece with syrup (~45 g),45,19.7,0.1,2.8,6.1,143,unknown,Recipe-derived: khoa 15 g [IFCT L004] + maida 3 g [IFCT A018] + oil 3 g [FDC 171017] + sugar 15 g [FDC 169655],recipe_derived,3 g absorbed frying fat and ~15 g sugar absorbed from syrup (assumptions). INDB gulab jamun not used (counts all oil and syrup).
jalebi_serving,Jalebi (2 pieces),জিলিপি,जलेबी,ಜಿಲೇಬಿ,"Jalebi (2 unidades, espiral frita en almíbar)","Jalebi (2 pièces, spirale frite au sirop)","Jalebi (2 Stück, frittierte Sirupspiralen)","Jalebi (2 pezzi, spirale fritta allo sciroppo)",ジャレビ（シロップ漬け揚げ菓子・2個）,jalebi;jilebi;jilipi;jilapi;jalabi;zulbia;imarti,jalebis;espiral frita en almíbar;jalebis;jalebis;spirale fritta allo sciroppo;ジャレビ;ジャレビー;ジレピ,pan,sweet,serving,2 medium pieces (~50 g),50,31.3,0.4,1.7,7.2,194,unknown,Recipe-derived: maida 15 g [IFCT A018] + curd 3 g [FDC 171284] + oil 7 g [FDC 171017] + sugar 20 g [FDC 169655],recipe_derived,7 g absorbed oil and 20 g sugar from syrup per 50 g are assumptions; jalebi composition varies a lot.
kheer_bowl,Kheer / payesh (rice pudding),পায়েস,खीर,ಪಾಯಸ,Kheer / payesh (arroz con leche),Kheer / payesh (riz au lait),Kheer / Payesh (Milchreis),Kheer / payesh (budino di riso al latte),キール／パイエシュ（インド風ライスプディング）,kheer;khir;payesh;payesam;payasam;chawal ki kheer;rice kheer;rice payasam;paramannam;doodh pak,arroz con leche;riz au lait;milchreis;riso al latte;budino di riso;ライスプディング;パヤサム;パイエシュ;ミルク粥,pan,sweet,bowl,1 bowl (from 250 ml milk + 10 g rice + 1.5 tbsp sugar),200,40.3,0.7,9.2,11.9,301,unknown,"INDB 2024 recipe ASC282 (Rice kheer (Chawal ki kheer)); INDB per-serving values (1 bowl, INDB serving weight 401 g)",direct,INDB weight 401 g includes 120 ml water that evaporates; ~200 g served is an estimate. Macros are INDB per-serving.
semiya_payasam_bowl,Semiya payasam (vermicelli kheer),সেমাইয়ের পায়েস,सेवइयां खीर,ಶ್ಯಾವಿಗೆ ಪಾಯಸ,Semiya payasam (fideos finos con leche),Semiya payasam (vermicelles au lait),Semiya Payasam (Fadennudeln in Milch),Semiya payasam (vermicelli al latte),セミヤパヤサム（細麺のミルク煮デザート）,semiya payasam;semiya kheer;seviyan;sevaiyan kheer;vermicelli kheer;shavige payasa;semai payesh,fideos con leche;kheer de fideos;vermicelles au lait;kheer de vermicelles;milchnudeln;fadennudeln in milch;nudel kheer;vermicelli al latte;kheer di vermicelli;セミヤパヤサム;セミヤ,south,sweet,bowl,1 bowl (from 200 ml milk + 10 g vermicelli),180,36.9,1.2,7.8,11.6,279,unknown,"INDB 2024 recipe ASC285 (Vermicelli kheer (Semiya/Seviyan ki kheer)); INDB per-serving values (1 bowl, INDB serving weight 232 g)",direct,Served weight after reduction is an estimate. Macros are INDB per-serving.
mysore_pak_piece,Mysore pak,মাইসোর পাক,मैसूर पाक,ಮೈಸೂರು ಪಾಕ್,Mysore pak (dulce de harina de garbanzo y ghee),Mysore pak (douceur à la farine de pois chiche et ghee),Mysore Pak (Süßigkeit aus Kichererbsenmehl und Ghee),Mysore pak (dolce di farina di ceci e ghee),マイソールパーク（ひよこ豆粉とギーの菓子）,mysore pak;mysorepak;mysore paak;mysuru pak;ghee mysore pak,dulce de mysore;douceur de mysore;mysore süßigkeit;dolce di mysore;マイソールパーク;マイソールパック;マイスールパーク,karnataka,sweet,piece,1 piece (~30 g),30,18.3,0.8,1.6,10.4,173,unknown,Recipe-derived: besan 7 g [FDC 174288] + ghee 10 g [FDC 2710168] + sugar 15 g [FDC 169655],recipe_derived,Proportions besan:ghee:sugar ~ 1:1.4:2 assumed (traditional recipes vary).
besan_laddoo_piece,Laddoo (besan),লাড্ডু,बेसन लड्डू,ಉಂಡೆ (ಕಡಲೆಹಿಟ್ಟು),Laddoo de besan (bolita dulce de harina de garbanzo),Laddoo au besan (boule sucrée à la farine de pois chiche),Besan-Laddoo (süße Kichererbsenmehl-Kugel),Laddoo di besan (dolcetto di farina di ceci),ラドゥ（ひよこ豆粉の丸い菓子）,laddoo;ladoo;laddu;ladu;besan ladoo;besan laddu;besan ke laddu;unde;boondi laddoo;motichoor laddoo,laddoos;laddus;bolita dulce de garbanzo;laddoos;laddus;laddoos;laddus;dolcetto di farina di ceci;ラドゥ;ラッドゥ;ラドゥー;ラッドゥー,pan,sweet,piece,1 laddoo (INDB serving),35,22.1,1.6,3.1,8.0,168,unknown,"INDB 2024 recipe ASC343 (Gram flour ladoo (Besan ladoo)); INDB per-serving values (1 ladoo, INDB serving weight 35 g)",direct,Boondi/motichoor laddoo has similar energy but more sugar and less protein. INDB serving weight is the sum of raw ingredients (no cooking-loss/yield correction).
narkel_naru_piece,Narkel naru (coconut laddoo),নারকেল নাড়ু,नारियल लड्डू,ಕೊಬ್ಬರಿ ಉಂಡೆ,Narkel naru (bolita de coco),Narkel naru (boule de noix de coco),Narkel Naru (Kokosbällchen),Narkel naru (pallina di cocco),ナルケルナル（ココナッツの丸い菓子）,narkel naru;narikel naru;narkol naru;coconut ladoo;nariyal laddoo;kobbari unde;thengai laddu,bolitas de coco;bolita de coco;laddoo de coco;boules de coco;boule de coco;kokosbällchen;kokos laddoo;palline di cocco;laddoo al cocco;ナルケルナル;ココナッツラドゥ,bengali,sweet,piece,1 piece (~25 g),25,11.4,2.1,1.0,8.3,124,unknown,Recipe-derived: coconut 20 g [IFCT H007] + jaggery 12 g [IFCT I001],recipe_derived,Fresh coconut + jaggery; cooked weight after moisture loss is an estimate.
burfi_piece,Burfi (khoa),বরফি,बर्फी,ಬರ್ಫಿ,"Burfi (dulce de khoa, leche concentrada)","Burfi (douceur au lait réduit, khoa)",Burfi (Milchkonfekt aus Khoa),"Burfi (dolce di latte ridotto, khoa)",バルフィ（煮詰めた牛乳の菓子）,burfi;barfi;khoa burfi;milk burfi;mawa barfi;plain barfi,burfi de leche;barfi de leche;burfi au lait;milchkonfekt;burfi al latte;dolce di latte;バルフィ;バルフィー;バーフィ;ミルクバルフィ,pan,sweet,piece,1 piece (INDB serving),44,13.5,0.1,4.3,12.2,178,unknown,"INDB 2024 recipe ASC335 (Plain burfi (Burfi)); INDB per-serving values (1 burfi, INDB serving weight 44 g)",direct,INDB serving weight is the sum of raw ingredients (no cooking-loss/yield correction).
kaju_katli_piece,Kaju katli,কাজু বরফি,काजू कतली,ಕಾಜು ಕಟ್ಲಿ,Kaju katli (dulce de anacardo),Kaju katli (douceur à la noix de cajou),Kaju Katli (Cashew-Konfekt),Kaju katli (dolce di anacardi),カジュカトリ（カシューナッツの菓子）,kaju katli;kaju barfi;kaju burfi;cashew burfi;kaju katri,dulce de anacardo;dulce de anacardos;douceur à la noix de cajou;confiserie de cajou;cashew konfekt;cashewkonfekt;dolce di anacardi;カジュカトリ;カジューカトリ;カシューナッツ菓子,north,sweet,piece,"1 large piece (INDB serving, ~29 g)",29,10.9,0.3,1.6,8.2,121,unknown,"INDB 2024 recipe ASC339 (Cashewnut burfi (Kaju burfi/Kaju katli)); INDB per-serving values (1 burfi, INDB serving weight 29 g)",direct,INDB piece is large; a typical shop diamond (~13 g) is about half. INDB serving weight is the sum of raw ingredients (no cooking-loss/yield correction).
gajar_halwa_bowl,Gajar halwa,গাজরের হালুয়া,गाजर का हलवा,ಕ್ಯಾರೆಟ್ ಹಲ್ವ,Gajar halwa (dulce de zanahoria),Gajar halwa (dessert à la carotte),Gajar Halwa (Karotten-Halwa),Gajar halwa (dolce di carote),ガジャルハルワ（にんじんの甘煮デザート）,gajar halwa;gajar ka halwa;carrot halwa;gajrela;gajorer halua,halwa de zanahoria;dulce de zanahoria;halwa de carottes;halwa aux carottes;karotten halwa;karottenhalwa;möhren halwa;halwa di carote;dolce di carote;ガジャルハルワ;にんじんハルワ;キャロットハルワ,north,sweet,bowl,1 bowl (INDB serving),168,31.1,4.5,5.2,16.3,290,unknown,"INDB 2024 recipe ASC295 (Carrot halwa (Gajar ka halwa)); INDB per-serving values (1 bowl, INDB serving weight 168 g)",direct,INDB serving weight is the sum of raw ingredients (no cooking-loss/yield correction).
suji_halwa_bowl,Suji halwa (sheera),সুজির হালুয়া,सूजी का हलवा,ಸಜ್ಜಿಗೆ,Suji halwa / sheera (dulce de sémola con ghee),Suji halwa / sheera (douceur de semoule au ghee),Suji Halwa / Sheera (Grieß-Halwa mit Ghee),Suji halwa / sheera (dolce di semola con ghee),スージハルワ（セモリナ粉の甘いデザート）,suji halwa;sooji halwa;rava halwa;sheera;sooji ka halwa;sujir halua;mohan bhog;sajjige,halwa de sémola;halwa de semola;dulce de sémola;halwa de semoule;grieß halwa;grießhalwa;griess halwa;halwa di semola;dolce di semolino;スージハルワ;セモリナハルワ,north,sweet,bowl,1 bowl (from 25 g suji + 20 g ghee + 20 g sugar),130,39.4,3.0,3.5,21.4,360,unknown,"INDB 2024 recipe ASC293 (Semolina halwa (Suji ka halwa)); INDB per-serving values (1 bowl, INDB serving weight 160 g)",direct,INDB weight 160 g includes 90 ml water; served weight is an estimate. Macros are INDB per-serving.
kesari_bath_katori,Kesari bath,কেশরী বাথ,केसरी भात / सूजी हलवा,ಕೇಸರಿ ಬಾತ್,Kesari bath (dulce de sémola con azafrán),Kesari bath (douceur de semoule au safran),Kesari Bath (Grießsüßspeise mit Safran),Kesari bath (dolce di semola allo zafferano),ケサリバート（サフラン風味のセモリナ菓子）,kesari bath;kesari bhath;kesari;rava kesari;kesaribath;sooji kesari,sémola con azafrán;dulce de sémola con azafrán;semoule au safran;safrangrieß;safran grieß;semola allo zafferano;ケサリバート;ケサリ;ラヴァケサリ,karnataka,sweet,katori,1 small katori (100 g),100,31.4,1.7,2.4,12.6,245,unknown,INDB 2024 recipe OSR014 (Kesari bath); per-100 g x 100 g,per100g_scaled,"INDB per-100 g values are per raw-ingredient weight (no yield factor); if the dish is reduced more than usual, true values per cooked gram are somewhat higher."
holige_piece,Holige / obbattu (puran poli),পুরণ পোলি,पूरन पोली,ಹೋಳಿಗೆ / ಒಬ್ಬಟ್ಟು,Holige / obbattu (pan plano dulce relleno de dal),Holige / obbattu (galette sucrée farcie au dal),Holige / Obbattu (süßes gefülltes Fladenbrot),Holige / obbattu (pane piatto dolce ripieno di dal),ホリゲ／オッバットゥ（豆あん入り甘い平焼きパン）,holige;obbattu;puran poli;puranpoli;bobbatlu;sweet roti;chana dal holige,roti dulce;galette sucrée farcie;roti sucré;süßes roti;süßes fladenbrot;roti dolce;ホリゲ;オッバットゥ;プランポリ,karnataka,sweet,piece,1 piece (INDB serving),53,33.4,4.4,5.1,4.2,196,unknown,"INDB 2024 recipe ASC467 (Sweet split chickpea roti (Sweet channa dal roti/Puranpoli)); INDB per-serving values (1 roti, INDB serving weight 53 g)",direct,INDB serving weight is the sum of raw ingredients (no cooking-loss/yield correction).
masala_chai_sugar_cup,Masala chai with sugar,চা (দুধ-চিনি),मसाला चाय (चीनी वाली),ಮಸಾಲ ಟೀ (ಸಕ್ಕರೆ ಸಹಿತ),Masala chai con azúcar (té con leche especiado),Masala chai sucré (thé au lait épicé),Masala Chai mit Zucker (gewürzter Milchtee),Masala chai con zucchero (tè al latte speziato),マサラチャイ（砂糖入りスパイスミルクティー）,chai;masala chai;tea;milk tea;cha;dudh cha;chaha;doodh wali chai;tea with sugar;cutting chai;adrak chai,té;té con leche;té con azúcar;chai con azúcar;thé;thé au lait;thé sucré;chai sucré;tee;milchtee;tee mit zucker;chai mit zucker;tè;tè al latte;tè con zucchero;chai con zucchero;チャイ;ミルクティー;マサラチャイ;砂糖入りチャイ,pan,beverage,cup,1 cup (125 ml: 60 ml milk + 2 tsp sugar),125,11.1,0.0,2.0,2.7,75,unknown,Recipe-derived: milk 60 g [IFCT L002] + sugar 8 g [FDC 169655] + tea_brewed 57 g [FDC 2710488],recipe_derived,"Standard recipe (INDB ASC001 'Hot tea' is lighter: 34 kcal, 5.4 g carbs per cup)."
chai_nosugar_cup,Chai without sugar,চিনি ছাড়া চা,बिना चीनी की चाय,ಸಕ್ಕರೆ ಇಲ್ಲದ ಟೀ,Chai sin azúcar (té con leche),Chai sans sucre (thé au lait),Chai ohne Zucker (Milchtee),Chai senza zucchero (tè al latte),チャイ（砂糖なしミルクティー）,chai without sugar;sugar free chai;tea without sugar;no sugar tea;fika cha;milk tea no sugar,té sin azúcar;chai sin azúcar;chai sin azucar;té con leche sin azúcar;thé sans sucre;chai sans sucre;thé au lait sans sucre;tee ohne zucker;chai ohne zucker;milchtee ohne zucker;tè senza zucchero;chai senza zucchero;tè al latte senza zucchero;砂糖なしチャイ;無糖チャイ;無糖ミルクティー,pan,beverage,cup,"1 cup (125 ml: 60 ml milk, no sugar)",125,3.2,0.0,2.0,2.7,44,unknown,Recipe-derived: milk 60 g [IFCT L002] + tea_brewed 65 g [FDC 2710488],recipe_derived,
lal_cha_cup,Lal cha (black tea with 1 tsp sugar),লাল চা,काली चाय (चीनी वाली),ಕಪ್ಪು ಟೀ,Lal cha (té negro con 1 cucharadita de azúcar),Lal cha (thé noir avec 1 cuillère à café de sucre),Lal Cha (schwarzer Tee mit 1 TL Zucker),Lal cha (tè nero con 1 cucchiaino di zucchero),ラルチャ（砂糖小さじ1入りの紅茶）,lal cha;liquor cha;black tea;kali chai;lemon tea;red tea,té negro;té sin leche;té con limón;thé noir;thé au citron;thé citron;schwarzer tee;schwarztee;zitronentee;tè nero;tè al limone;紅茶;ストレートティー;レモンティー;ラルチャ,bengali,beverage,cup,1 cup (125 ml + 1 tsp sugar),125,5.4,0.0,0.0,0.0,21,unknown,Recipe-derived: tea_brewed 120 g [FDC 2710488] + sugar 5 g [FDC 169655],recipe_derived,
filter_coffee_cup,Filter coffee with sugar,ফিল্টার কফি,फ़िल्टर कॉफ़ी,ಫಿಲ್ಟರ್ ಕಾಫಿ,Café de filtro con azúcar (café con leche del sur de la India),Café filtre sucré (café au lait du sud de l'Inde),Filterkaffee mit Zucker (südindischer Milchkaffee),Caffè filtro con zucchero (caffellatte del sud dell'India),フィルターコーヒー（砂糖入り南インド式ミルクコーヒー）,filter coffee;filter kaapi;kaapi;madras coffee;south indian coffee;degree coffee;coffee;milk coffee,café;café con leche;cafe con leche;café con azúcar;café de filtro;café;café au lait;cafe au lait;café filtre;café sucré;kaffee;milchkaffee;kaffee mit zucker;filterkaffee;caffè;caffe;caffellatte;caffè latte;caffè filtro;caffè con zucchero;コーヒー;ミルクコーヒー;フィルターコーヒー;カフェオレ;砂糖入りコーヒー,south,beverage,cup,1 tumbler (120 ml: 90 ml milk + 30 ml decoction + 1.5 tsp sugar),126,10.4,0.0,3.0,4.0,89,unknown,Recipe-derived: milk 90 g [IFCT L002] + coffee_brewed 30 g [FDC 171890] + sugar 6 g [FDC 169655],recipe_derived,
filter_coffee_nosugar_cup,Filter coffee without sugar,চিনি ছাড়া কফি,बिना चीनी की कॉफ़ी,ಸಕ್ಕರೆ ಇಲ್ಲದ ಕಾಫಿ,Café de filtro sin azúcar (café con leche),Café filtre sans sucre (café au lait),Filterkaffee ohne Zucker (Milchkaffee),Caffè filtro senza zucchero (caffellatte),フィルターコーヒー（砂糖なしミルクコーヒー）,coffee without sugar;sugar free coffee;filter coffee no sugar;kaapi without sugar,café sin azúcar;cafe sin azucar;café con leche sin azúcar;café sans sucre;café au lait sans sucre;kaffee ohne zucker;milchkaffee ohne zucker;caffè senza zucchero;caffe senza zucchero;caffellatte senza zucchero;無糖コーヒー;砂糖なしコーヒー;無糖ミルクコーヒー,south,beverage,cup,1 tumbler (120 ml: 90 ml milk + 30 ml decoction),120,4.4,0.0,3.0,4.0,66,unknown,Recipe-derived: milk 90 g [IFCT L002] + coffee_brewed 30 g [FDC 171890],recipe_derived,
lassi_sweet_glass,Sweet lassi,মিষ্টি লস্যি,मीठी लस्सी,ಸಿಹಿ ಲಸ್ಸಿ,Lassi dulce (bebida de yogur),Lassi sucré (boisson au yaourt),Süßer Lassi (Joghurtgetränk),Lassi dolce (bevanda allo yogurt),スイートラッシー（甘いヨーグルトドリンク）,lassi;sweet lassi;meethi lassi;lassi sweet;punjabi lassi,lassi dulce;batido de yogur dulce;lassi sucré;süßer lassi;süsser lassi;süßes joghurtgetränk;lassi dolce;ラッシー;スイートラッシー;甘いラッシー,north,beverage,glass,1 glass (250 ml),250,16.3,0.0,3.2,1.7,89,unknown,INDB 2024 recipe ASC021 (Sweet Lassi (Meethi lassi)); per-100 g x 250 g,per100g_scaled,INDB recipe: 100 g curd + 20 g sugar diluted to ~440 ml; thick Punjabi lassi is ~2x richer.
chaas_glass,Buttermilk / chaas (salted),ঘোল,छाछ,ಮಜ್ಜಿಗೆ,Suero de mantequilla / chaas (salado),Babeurre / chaas (salé),Buttermilch / Chaas (gesalzen),Latticello / chaas (salato),チャース（塩味のバターミルク）,chaas;chhaas;chhach;buttermilk;majjige;mor;neer mor;ghol;matha;salted lassi;namkeen lassi;masala chaas,suero de mantequilla;suero de leche;lassi salado;babeurre;lait ribot;lassi salé;buttermilch;salziger lassi;gesalzener lassi;latticello;lassi salato;チャース;バターミルク;塩ラッシー,pan,beverage,glass,1 glass (250 ml),250,4.6,0.0,3.4,1.8,47,unknown,INDB 2024 recipe ASC022 (Lassi (salted)); per-100 g x 250 g,per100g_scaled,
nimbu_pani_sugar_glass,Nimbu pani / lemonade with sugar,লেবুর শরবত,नींबू पानी (चीनी वाला),ನಿಂಬೆ ಪಾನಕ,Nimbu pani / limonada con azúcar,Nimbu pani / citronnade sucrée,Nimbu Pani / Limonade mit Zucker,Nimbu pani / limonata con zucchero,ニンブーパーニー（砂糖入りレモン水）,nimbu pani;nimbu paani;lemonade;lemon water;shikanji;shikanjvi;lebur sharbat;lemon juice;nimbe panaka,limonada;agua con limón;agua de limón;citronnade;limonade;eau citronnée;limonade;zitronenwasser;zitronenlimonade;limonata;acqua e limone;acqua al limone;ニンブーパーニー;ニンブパニ;レモネード;レモン水,pan,beverage,glass,1 glass (250 ml),250,13.7,0.0,0.1,0.0,52,unknown,INDB 2024 recipe ASC008 (Lemonade); per-100 g x 250 g,per100g_scaled,
nimbu_pani_nosugar_glass,Nimbu pani without sugar,চিনি ছাড়া লেবু জল,बिना चीनी नींबू पानी,ಸಕ್ಕರೆ ಇಲ್ಲದ ನಿಂಬೆ ನೀರು,Nimbu pani sin azúcar (agua con limón),Nimbu pani sans sucre (eau citronnée),Nimbu Pani ohne Zucker (Zitronenwasser),Nimbu pani senza zucchero (acqua e limone),ニンブーパーニー（砂糖なしレモン水）,lemon water no sugar;nimbu pani without sugar;sugar free lemonade;salted lemon water;lebu jol,agua con limón sin azúcar;limonada sin azúcar;citronnade sans sucre;eau citronnée sans sucre;zitronenwasser ohne zucker;limonade ohne zucker;limonata senza zucchero;acqua e limone senza zucchero;無糖レモン水;砂糖なしレモン水,pan,beverage,glass,1 glass (250 ml; juice of 1/2 lemon),250,1.0,0.0,0.1,0.0,3,unknown,Recipe-derived: lemon_juice 15 g [FDC 167747] + water 235 g,recipe_derived,
milk_glass,"Milk (whole, 1 glass)",দুধ,दूध,ಹಾಲು,Leche entera (1 vaso),Lait entier (1 verre),Vollmilch (1 Glas),Latte intero (1 bicchiere),牛乳（全乳・コップ1杯）,milk;doodh;dudh;haalu;paal;glass of milk;full cream milk;cow milk,leche;leche entera;vaso de leche;lait;lait entier;verre de lait;milch;vollmilch;glas milch;latte;latte intero;bicchiere di latte;牛乳;ミルク;ぎゅうにゅう,pan,beverage,glass,1 glass (200 ml),200,9.9,0.0,6.5,9.0,146,low,"IFCT 2017 L002 (Milk, whole, cow); per-100 g x 200 g",per100g_scaled,"GI: Atkinson 2008 Table 1 milk, full fat 39+/-3 (low)."
coconut_water_glass,Tender coconut water,ডাবের জল,नारियल पानी,ಎಳನೀರು,Agua de coco tierno,Eau de coco (noix de coco verte),Kokoswasser (junge Kokosnuss),Acqua di cocco (cocco giovane),ココナッツウォーター（若いココナッツ）,coconut water;daab;daber jol;nariyal pani;elaneer;tender coconut;ilaneer,agua de coco;eau de coco;kokoswasser;acqua di cocco;ココナッツウォーター;ココナツウォーター;ココナッツジュース,pan,beverage,glass,1 glass (200 ml),200,6.3,0.0,0.5,0.3,31,unknown,IFCT 2017 K002 (Coconut water); per-100 g x 200 g,per100g_scaled,
sugarcane_juice_glass,Sugarcane juice,আখের রস,गन्ने का रस,ಕಬ್ಬಿನ ಹಾಲು,Zumo de caña de azúcar,Jus de canne à sucre,Zuckerrohrsaft,Succo di canna da zucchero,サトウキビジュース,sugarcane juice;ganne ka ras;ganna juice;akher rosh;kabbina haalu;sugar cane juice,zumo de caña;jugo de caña;jugo de caña de azúcar;guarapo;jus de canne;jus de canne à sucre;zuckerrohrsaft;zuckerrohr saft;succo di canna;succo di canna da zucchero;サトウキビジュース;さとうきびジュース,pan,beverage,glass,1 glass (250 ml),250,32.8,1.4,0.4,1.0,144,unknown,"IFCT 2017 I002 (Sugarcane, juice); per-100 g x 250 g",per100g_scaled,
ragi_malt_glass,Ragi malt (with milk and jaggery),রাগি মল্ট,रागी माल्ट,ರಾಗಿ ಮಾಲ್ಟ್,Ragi malt (bebida de mijo africano con leche y jaggery),Ragi malt (boisson d'éleusine au lait et jaggery),Ragi Malt (Fingerhirse-Getränk mit Milch und Jaggery),Ragi malt (bevanda di miglio africano con latte e jaggery),ラギモルト（シコクビエと牛乳・ジャガリーの飲み物）,ragi malt;ragi ambli;ragi java;ragi kanji;ragi porridge;nachni satva;ragi drink,bebida de ragi;papilla de ragi;boisson au ragi;bouillie de ragi;ragi getränk;ragi brei;fingerhirse getränk;bevanda di ragi;porridge di ragi;ラギモルト;ラギドリンク;ラギ粥,karnataka,beverage,glass,1 glass (~200 ml: 15 g ragi + 150 ml milk + 8 g jaggery),200,24.2,1.7,6.1,7.0,186,unknown,Recipe-derived: ragi 15 g [IFCT A010] + milk 150 g [IFCT L002] + jaggery 8 g [IFCT I001] + water 27 g,recipe_derived,Standard recipe.
banana_piece,Banana,কলা,केला,ಬಾಳೆಹಣ್ಣು,Plátano,Banane,Banane,Banana,バナナ,banana;kela;kola;bale hannu;balehannu;pazham;robusta banana;yelakki banana,plátano;platano;plátanos;platanos;banana;banane;bananes;banane;bananen;banana;banane;バナナ;ばなな,pan,fruit,piece,1 medium banana (100 g edible),100,23.6,1.9,1.2,0.3,105,low,"IFCT 2017 E012 (Banana, ripe, robusta); per-100 g x 100 g",per100g_scaled,"GI: Atkinson 2008 Table 1 banana, raw 51+/-3 (low)."
mango_katori,Mango (ripe),আম,आम,ಮಾವಿನ ಹಣ್ಣು,Mango (maduro),Mangue (mûre),Mango (reif),Mango (maturo),マンゴー（完熟）,mango;aam;am;amba;mavina hannu;alphonso;himsagar;langra;banganapalli;mango slices,mango;mangos;mangue;mangues;mangos;manghi;マンゴー;マンゴ,pan,fruit,katori,1 katori slices (150 g),150,14.7,2.7,0.8,0.8,73,low,IFCT 2017 E036-E042 (mean of 7 ripe mango varieties); per-100 g x 150 g,per100g_scaled,"GI: Atkinson 2008 Table 1 mango, raw 51+/-5 (low). IFCT mean of 7 Indian varieties (carbs 8.2-12.8 g/100 g)."
apple_piece,Apple,আপেল,सेब,ಸೇಬು,Manzana,Pomme,Apfel,Mela,りんご,apple;seb;sev;apel;sebu,manzana;manzanas;pomme;apfel;äpfel;aepfel;mela;mele;りんご;リンゴ;林檎,pan,fruit,piece,1 medium apple (150 g edible),150,19.7,3.9,0.4,1.0,94,low,"IFCT 2017 E001 (Apple, big); per-100 g x 150 g",per100g_scaled,"GI: Atkinson 2008 Table 1 apple, raw 36+/-2 (low)."
guava_piece,Guava,পেয়ারা,अमरूद,ಸೀಬೆಹಣ್ಣು,Guayaba,Goyave,Guave,Guava,グアバ,guava;amrood;amrud;peyara;seebe hannu;perakka;jam fruit,guayaba;guayabas;goyave;goyaves;guave;guaven;guaiava;グアバ;グァバ,pan,fruit,piece,1 medium guava (100 g edible),100,5.1,8.6,1.4,0.3,32,unknown,"IFCT 2017 E028 (Guava, white flesh); per-100 g x 100 g",per100g_scaled,IFCT white-flesh guava.
papaya_katori,Papaya (ripe),পেঁপে,पपीता,ಪರಂಗಿ ಹಣ್ಣು,Papaya (madura),Papaye (mûre),Papaya (reif),Papaya (matura),パパイヤ（完熟）,papaya;papita;pepe;parangi hannu;ripe papaya,papayas;papaye;papayes;papayas;papaia;パパイヤ;パパイア,pan,fruit,katori,1 katori cubes (150 g),150,6.9,4.2,0.6,0.2,36,unknown,"IFCT 2017 E049 (Papaya, ripe); per-100 g x 150 g",per100g_scaled,
orange_piece,Orange,কমলালেবু,संतरा,ಕಿತ್ತಳೆ,Naranja,Orange,Orange,Arancia,オレンジ,orange;santra;santara;komla;komlalebu;kittale;narangi;mosambi,naranja;naranjas;oranges;orangen;apfelsine;arancia;arance;オレンジ,pan,fruit,piece,1 medium orange (130 g edible),130,10.3,1.7,0.9,0.2,48,low,"IFCT 2017 E047 (Orange, pulp); per-100 g x 130 g",per100g_scaled,"GI: Atkinson 2008 Table 1 orange, raw 43+/-3 (low). Mosambi (sweet lime) is a different fruit."
pineapple_katori,Pineapple,আনারস,अनानास,ಅನಾನಸ್,Piña,Ananas,Ananas,Ananas,パイナップル,pineapple;ananas;anaras;ananas hannu,piña;pina;ananas frais;ananasstücke;ananas fresco;パイナップル,pan,fruit,katori,1 katori cubes (150 g),150,14.1,5.2,0.8,0.2,64,medium,IFCT 2017 E053 (Pineapple); per-100 g x 150 g,per100g_scaled,"GI: Atkinson 2008 Table 1 pineapple, raw 59+/-8 (medium)."
watermelon_katori,Watermelon,তরমুজ,तरबूज,ಕಲ್ಲಂಗಡಿ,Sandía,Pastèque,Wassermelone,Anguria,スイカ（西瓜）,watermelon;tarbooj;tarbuj;tormuj;kallangadi;water melon,sandía;sandia;pastèque;pasteque;wassermelone;anguria;cocomero;すいか;西瓜,pan,fruit,katori,1 katori cubes (150 g),150,5.8,1.1,0.9,0.2,30,high,"IFCT 2017 E065 (Water melon, dark green); per-100 g x 150 g",per100g_scaled,"GI: Atkinson 2008 Table 1 watermelon, raw 76+/-4 (high); glycaemic load per serving is small."
grapes_katori,Grapes,আঙুর,अंगूर,ದ್ರಾಕ್ಷಿ,Uvas,Raisin frais,Weintrauben,Uva,ぶどう,grapes;angoor;angur;draksha;drakshi;green grapes,uvas;uva;raisin frais;raisins frais;grains de raisin;weintrauben;weintraube;trauben;uva;chicchi di uva;ぶどう;ブドウ;葡萄,pan,fruit,katori,1 katori (100 g),100,11.8,1.3,0.6,0.3,54,unknown,"IFCT 2017 E026 (Grapes, seedless, round, green); per-100 g x 100 g",per100g_scaled,IFCT seedless green grapes.
pomegranate_katori,Pomegranate (arils),বেদানা,अनार,ದಾಳಿಂಬೆ,Granada (granos),Grenade (grains),Granatapfel (Kerne),Melagrana (chicchi),ザクロ（実）,pomegranate;anar;anaar;bedana;dalimbe;dalimb,granada;granadas;granos de granada;grenade;grains de grenade;granatapfel;granatapfelkerne;melagrana;melograno;chicchi di melagrana;ザクロ;ざくろ;柘榴,pan,fruit,katori,1 katori arils (100 g),100,11.6,2.8,1.3,0.2,55,unknown,"IFCT 2017 E055 (Pomegranate, maroon seeds); per-100 g x 100 g",per100g_scaled,
sapota_piece,Sapota (chikoo),সফেদা,चीकू,ಸಪೋಟ,Chicozapote (chikoo),Sapotille (chikoo),"Sapodilla (Breiapfel, Chikoo)",Sapodilla (chikoo),サポジラ（チクー）,sapota;chikoo;chiku;sapodilla;sofeda;sapota hannu,chicozapote;chico zapote;sapotille;sapotilles;breiapfel;sapotiglia;サポジラ;チクー;サポタ,pan,fruit,piece,1 fruit (100 g edible),100,13.9,9.6,0.9,1.3,73,unknown,IFCT 2017 E060 (Sapota); per-100 g x 100 g,per100g_scaled,
custard_apple_piece,Custard apple (sitaphal),আতা,सीताफल,ಸೀತಾಫಲ,Chirimoya / anón (sitaphal),Pomme cannelle (sitaphal),Zimtapfel (Sitaphal),Annona (sitaphal),バンレイシ（シタパール）,custard apple;sitaphal;sharifa;ata;aata;seetha phala,chirimoya;chirimoyas;pomme cannelle;anone;zimtapfel;rahmapfel;annona;バンレイシ;シュガーアップル;釈迦頭;シャカトウ,pan,fruit,piece,1 fruit (100 g edible pulp),100,20.4,5.1,1.6,0.7,99,unknown,IFCT 2017 E016 (Custard apple); per-100 g x 100 g,per100g_scaled,
curd_katori,Curd / dahi (plain),টক দই,दही,ಮೊಸರು,Dahi (yogur natural),Dahi (yaourt nature),Dahi (Naturjoghurt),Dahi (yogurt bianco),ダヒ（プレーンヨーグルト）,curd;dahi;doi;tok doi;mosaru;thayir;yogurt;yoghurt;plain curd;plain yogurt,yogur;yogur natural;yogures;yaourt;yaourt nature;yogourt;joghurt;jogurt;naturjoghurt;yogurt bianco;yogurt naturale;ヨーグルト;プレーンヨーグルト;ダヒ,pan,accompaniment,katori,1 katori (100 g),100,4.7,0.0,3.5,3.3,61,unknown,"USDA FDC 171284 (SR Legacy: Yogurt, plain, whole milk); per-100 g x 100 g",per100g_scaled,USDA whole-milk plain yogurt; curd from toned milk has ~1/2 the fat.
raita_katori,Raita (cucumber),রায়তা,रायता,ರಾಯಿತ,Raita (yogur con pepino),Raïta (yaourt au concombre),Raita (Joghurt mit Gurke),Raita (yogurt al cetriolo),ライタ（きゅうりのヨーグルトサラダ）,raita;raitha;kheera raita;cucumber raita;boondi raita;onion raita;mosaru bajji;pachadi,yogur con pepino;salsa de yogur y pepino;raïta;yaourt au concombre;gurkenjoghurt;joghurt mit gurke;yogurt al cetriolo;yogurt e cetriolo;きゅうりヨーグルト;キュウリのライタ,pan,accompaniment,katori,1 katori (100 g),100,6.3,0.9,4.0,2.1,59,unknown,INDB 2024 recipe ASC273 (Cucumber raita (Kheere ka raita)); per-100 g x 100 g,per100g_scaled,Boondi raita has extra fried boondi (more fat/carbs).
pickle_tbsp,"Pickle (mango, oil-based)",আচার,अचार,ಉಪ್ಪಿನಕಾಯಿ,Encurtido de mango (achar en aceite),Pickle de mangue (achar à l'huile),Mango-Pickle (Achar in Öl),Achar di mango (conserva piccante sott'olio),マンゴーアチャール（油漬けピクルス）,pickle;achar;achaar;aachar;aam ka achar;mango pickle;uppinakayi;avakaya;oorugai,encurtido;encurtidos;encurtido de mango;pickles;pickle de mangue;eingelegte mango;mangopickle;sottaceto;sottaceti;sottaceto di mango;achar di mango;アチャール;マンゴーアチャール;ピクルス;インドピクルス,pan,accompaniment,tbsp,1 tbsp (15 g),15,1.2,0.6,0.2,2.7,29,unknown,INDB 2024 recipe ASC507 (Mango pickle (Aam ka achaar)); per-100 g x 15 g,per100g_scaled,High in sodium.
salad_plate,Green salad (kachumber),স্যালাড,सलाद,ಸಲಾಡ್,Ensalada verde (kachumber),Salade verte (kachumber),Grüner Salat (Kachumber),Insalata verde (kachumber),グリーンサラダ（カチュンバル）,salad;green salad;kachumber;kachumbar;cucumber salad;onion tomato cucumber;sliced salad,ensalada;ensalada verde;ensalada de pepino y tomate;salade;salade verte;crudités;salat;grüner salat;gurkensalat;insalata;insalata verde;サラダ;グリーンサラダ;野菜サラダ,pan,accompaniment,plate,1 small plate (~115 g),115,5.3,2.2,1.0,0.2,28,unknown,Recipe-derived: cucumber 50 g [IFCT D043] + tomato 40 g [IFCT D075] + onion 20 g [IFCT G017] + lemon_juice 5 g [FDC 167747],recipe_derived,
kosambari_katori,Kosambari (moong dal salad),কোসাম্বারি,कोसंबरी,ಕೋಸಂಬರಿ,Kosambari (ensalada de dal moong),Kosambari (salade de dal moong),Kosambari (Moong-Dal-Salat),Kosambari (insalata di dal moong),コサンバリ（ムング豆のサラダ）,kosambari;kosumbari;hesaru bele kosambari;moong dal salad;cucumber kosambari,ensalada de dal;ensalada de dal moong;salade de dal;salade de dal moong;dal salat;moong dal salat;insalata di dal;insalata di dal moong;コサンバリ;コスンバリ,karnataka,accompaniment,katori,1 katori (~100 g),100,14.0,4.3,5.5,3.5,112,unknown,Recipe-derived: moong_dal 20 g [IFCT B010] + cucumber 50 g [IFCT D043] + carrot 20 g [IFCT F002] + coconut 5 g [IFCT H007] + lemon_juice 5 g [FDC 167747] + oil 1 g [FDC 171017],recipe_derived,Soaked (uncooked) moong dal; weight given dry.
coconut_chutney_tbsp,Coconut chutney,নারকেলের চাটনি,नारियल चटनी,ಕಾಯಿ ಚಟ್ನಿ,Chutney de coco,Chutney à la noix de coco,Kokos-Chutney,Chutney al cocco,ココナッツチャツネ,coconut chutney;kayi chutney;thengai chutney;nariyal chutney;white chutney;chutney,chutney de coco;salsa de coco;chutney de coco;chutney coco;kokoschutney;kokos chutney;chutney al cocco;chutney di cocco;ココナッツチャツネ;チャツネ,south,accompaniment,tbsp,1 tbsp (15 g),15,1.2,1.0,0.5,3.7,40,unknown,INDB 2024 recipe ASC386 (Coconut chutney (Nariyal ki chutney)); per-100 g x 15 g,per100g_scaled,Usually served as 2-3 tbsp with idli/dosa.
green_chutney_tbsp,Green chutney (mint-coriander),ধনেপাতার চাটনি,हरी चटनी,ಹಸಿರು ಚಟ್ನಿ,Chutney verde (menta y cilantro),Chutney vert (menthe et coriandre),Grünes Chutney (Minze und Koriander),Chutney verde (menta e coriandolo),グリーンチャツネ（ミントとコリアンダー）,green chutney;hari chutney;pudina chutney;mint chutney;coriander chutney;dhania chutney,chutney verde;chutney de menta;chutney vert;chutney à la menthe;grünes chutney;minzchutney;minz chutney;koriander chutney;chutney verde;chutney alla menta;グリーンチャツネ;ミントチャツネ;パクチーチャツネ,pan,accompaniment,tbsp,1 tbsp (15 g),15,3.2,0.7,0.4,0.1,15,unknown,INDB 2024 recipe ASC387 (Mint and coriander chutney (Pudinay aur dhaniye ki chutney)); per-100 g x 15 g,per100g_scaled,
ghee_tsp,Ghee (1 tsp),ঘি,घी,ತುಪ್ಪ,"Ghee (mantequilla clarificada, 1 cucharadita)","Ghee (beurre clarifié, 1 cuillère à café)","Ghee (Butterschmalz, 1 TL)","Ghee (burro chiarificato, 1 cucchiaino)",ギー（澄ましバター・小さじ1）,ghee;ghi;clarified butter;tuppa;neyyi;desi ghee,mantequilla clarificada;beurre clarifié;beurre clarifie;butterschmalz;geklärte butter;burro chiarificato;ギー;澄ましバター;ギーバター,pan,accompaniment,serving,1 tsp (5 g),5,0.0,0.0,0.0,5.0,44,unknown,"USDA FDC 2710168 (FNDDS 2021-2023: Ghee, clarified butter); per-100 g x 5 g",per100g_scaled,
sugar_tsp,Sugar (1 tsp),চিনি,चीनी,ಸಕ್ಕರೆ,Azúcar (1 cucharadita),Sucre (1 cuillère à café),Zucker (1 TL),Zucchero (1 cucchiaino),砂糖（小さじ1）,sugar;chini;cheeni;sakkare;white sugar;table sugar,azúcar;azucar;azúcar blanco;azúcar blanca;sucre;sucre blanc;sucre en poudre;zucker;weißer zucker;haushaltszucker;zucchero;zucchero bianco;zucchero semolato;砂糖;さとう;白砂糖;グラニュー糖;上白糖,pan,accompaniment,serving,1 tsp (5 g),5,5.0,0.0,0.0,0.0,19,medium,"USDA FDC 169655 (SR Legacy: Sugars, granulated); per-100 g x 5 g",per100g_scaled,GI: Atkinson 2008 Table 1 sucrose 65+/-4 (medium). Quantity is 1 teaspoon (5 g).
mithai_50g,"Indian sweets, assorted (mithai, 50 g)",মিষ্টি,मिठाई,ಸಿಹಿ,"Dulces indios variados (mithai, 50 g)","Douceurs indiennes assorties (mithai, 50 g)","Indische Süßigkeiten, gemischt (Mithai, 50 g)","Dolci indiani assortiti (mithai, 50 g)",インドのお菓子盛り合わせ（ミターイ、50 g）,sweets;mithai;mithaai;indian sweets;assorted sweets;mixed sweets;desserts,dulces;dulces indios;mithai;sucreries;douceurs indiennes;mithai;süßigkeiten;indische süßigkeiten;mithai;dolci;dolci indiani;mithai;お菓子;インドのお菓子;ミターイ,pan,sweet,serving,50 g (about 1-2 pieces),50,22.5,1.0,3.1,10.3,192,unknown,"Derived: per-gram mean of rasgulla_piece, sandesh_piece, gulab_jamun_piece, jalebi_serving, mysore_pak_piece, besan_laddoo_piece, burfi_piece, kaju_katli_piece, chikki_piece, narkel_naru_piece; x 50 g",recipe_derived,"Assumption: per-gram mean of 10 piece sweets in this table (rasgulla, sandesh, gulab jamun, jalebi, mysore pak, laddoo, burfi, kaju katli, chikki, narkel naru). Pick the specific sweet when known: carbs per gram range ~28-63 g/100 g."
us_cheeseburger_piece,Cheeseburger,,,,Hamburguesa con queso,Cheeseburger,Cheeseburger,Cheeseburger,チーズバーガー,cheeseburger;cheese burger;burger with cheese;bacon cheeseburger;double cheeseburger;cheeseburger sandwich,hamburguesa con queso;cheeseburger;cheeseburger;burger au fromage;cheeseburger;käseburger;cheeseburger;hamburger al formaggio;チーズバーガー;ベーコンチーズバーガー,american,nonveg,piece,"1 cheeseburger, 1 medium patty (165 g)",165,29.9,1.0,29.5,26.6,488,unknown,"USDA FDC 2706897 (FNDDS 2021-2023: Cheeseburger, from fast food, 1 medium patty); per-100 g x 165 g",per100g_scaled,"Fast-food cheeseburger, one medium patty. Bacon adds ~2 slices (about +90 kcal, no carbohydrate); a second patty adds protein and fat, not carbohydrate. Unit weight is the USDA FNDDS portion weight for this food. No GI value assigned (mixed dish or no matching Atkinson 2008 entry)."
us_hamburger_piece,Hamburger,,,,Hamburguesa,Hamburger,Hamburger,Hamburger,ハンバーガー,hamburger;burger;beef burger;plain burger;hamburger sandwich,hamburguesa;burger;hamburger;burger;hamburger;burger;hamburger;burger;ハンバーガー;バーガー,american,nonveg,piece,1 hamburger (145 g),145,29.0,1.0,25.4,20.9,418,unknown,"USDA FDC 2706920 (FNDDS 2021-2023: Hamburger, NFS); per-100 g x 145 g",per100g_scaled,Unit weight is the USDA FNDDS portion weight for this food. No GI value assigned (mixed dish or no matching Atkinson 2008 entry).
us_french_fries_serving,French fries,,,,Patatas fritas,Frites,Pommes frites,Patatine fritte,フライドポテト,french fries;fries;fast food fries;potato fries;crinkle fries;steak fries;shoestring fries;crinkle cut fries,patatas fritas;papas fritas;frites;pommes frites;pommes frites;pommes;fritten;patatine fritte;patatine;フライドポテト;ポテトフライ,american,snack,serving,1 medium fast-food order (145 g),145,54.6,5.5,5.0,21.4,452,unknown,"USDA FDC 2709461 (FNDDS 2021-2023: Potato, french fries, fast food); per-100 g x 145 g",per100g_scaled,"Small order 110 g, large order 180 g (USDA FNDDS). Unit weight is the USDA FNDDS portion weight for this food. No GI value assigned (mixed dish or no matching Atkinson 2008 entry)."
us_pizza_pepperoni_slice,Pepperoni pizza (slice),,,,Pizza de pepperoni (porción),Pizza au pepperoni (part),Salami-Pizza (Stück),Pizza al salame piccante (trancio),ペパロニピザ（1切れ）,pepperoni pizza;pepperoni pizza slice;slice of pepperoni pizza;pepperoni slice;pepperoni,pizza de pepperoni;pizza au pepperoni;pizza pepperoni;salamipizza;pizza mit salami;peperoni-pizza;pizza al salame piccante;pizza diavola;ペパロニピザ;サラミピザ,american,nonveg,piece,"1 slice (124 g, medium crust)",124,36.8,2.9,14.6,14.8,350,unknown,"USDA FDC 2708640 (FNDDS 2021-2023: Pizza with pepperoni, from restaurant or fast food,  medium crust); per-100 g x 124 g",per100g_scaled,Thin crust slices are lighter (~91 g); thick crust heavier. Unit weight is the USDA FNDDS portion weight for this food. No GI value assigned (mixed dish or no matching Atkinson 2008 entry).
us_pizza_cheese_slice,Cheese pizza (slice),,,,Pizza de queso (porción),Pizza au fromage (part),Käsepizza (Stück),Pizza al formaggio (trancio),チーズピザ（1切れ）,cheese pizza;cheese pizza slice;pizza;pizza slice;plain pizza;slice of pizza,pizza;pizza de queso;porción de pizza;pizza;pizza au fromage;part de pizza;pizza;käsepizza;stück pizza;pizza;pizza al formaggio;trancio di pizza;ピザ;チーズピザ,american,veg,piece,"1 slice of a large pizza (119 g, medium crust)",119,36.9,2.7,13.6,11.5,317,unknown,"USDA FDC 2708616 (FNDDS 2021-2023: Pizza, cheese, from restaurant or fast food, medium crust); per-100 g x 119 g",per100g_scaled,Unit weight is the USDA FNDDS portion weight for this food. No GI value assigned (mixed dish or no matching Atkinson 2008 entry).
us_pancake_piece,Pancake,,,,Tortita americana,Pancake,Pancake,Pancake,パンケーキ（1枚）,pancake;pancakes;hotcake;hotcakes;flapjack;flapjacks;buttermilk pancake;stack of pancakes;pancake stack,tortita;tortitas;tortitas americanas;pancakes;pancake;pancakes;crêpe épaisse;pancake;pancakes;amerikanischer pfannkuchen;pancake;pancakes;パンケーキ;ホットケーキ,american,breakfast,piece,1 medium restaurant pancake (50 g),50,16.0,1.1,3.6,7.7,154,unknown,"USDA FDC 2708299 (FNDDS 2021-2023: Pancakes, plain, fast food / restaurant); per-100 g x 50 g",per100g_scaled,Syrup and butter are separate items. Unit weight is the USDA FNDDS portion weight for this food. No GI value assigned (mixed dish or no matching Atkinson 2008 entry).
us_syrup_tbsp,Pancake syrup,,,,Sirope para tortitas,Sirop pour pancakes,Pancake-Sirup,Sciroppo per pancake,パンケーキシロップ,syrup;pancake syrup;maple syrup;table syrup;waffle syrup,sirope;sirope de arce;jarabe;sirop;sirop d'érable;sirup;ahornsirup;sciroppo;sciroppo d'acero;シロップ;メープルシロップ,american,accompaniment,tbsp,1 tbsp (20 g),20,13.9,0.0,0.0,0.0,53,unknown,"USDA FDC 2710272 (FNDDS 2021-2023: Syrup, NFS); per-100 g x 20 g",per100g_scaled,"USDA 'Syrup, NFS'; pure maple syrup is similar in carbohydrate per tablespoon. Unit weight is the USDA FNDDS portion weight for this food. No GI value assigned (mixed dish or no matching Atkinson 2008 entry)."
us_scrambled_eggs_serving,Scrambled eggs,,,,Huevos revueltos,Œufs brouillés,Rührei,Uova strapazzate,スクランブルエッグ,scrambled eggs;scrambled egg;eggs;fried eggs;sunny side up eggs;over easy eggs;eggs any style,huevos revueltos;huevos fritos;œufs brouillés;oeufs brouillés;œufs au plat;rührei;spiegelei;spiegeleier;uova strapazzate;uova all'occhio di bue;スクランブルエッグ;目玉焼き,american,breakfast,serving,2 eggs scrambled with butter (110 g),110,1.0,0.0,12.8,16.1,200,unknown,"USDA FDC 2707201 (FNDDS 2021-2023: Egg omelet or scrambled egg, made with butter); per-100 g x 110 g",per100g_scaled,Fried eggs are similar; almost no carbohydrate. Unit weight is the USDA FNDDS portion weight for this food. No GI value assigned (mixed dish or no matching Atkinson 2008 entry).
us_bacon_slice,Bacon (slice),,,,Beicon (loncha),Bacon (tranche),Bacon (Scheibe),Bacon (fetta),ベーコン（1枚）,bacon;bacon strip;bacon strips;crispy bacon;bacon slice;bacon slices;rasher,beicon;bacon;panceta;bacon;tranche de bacon;bacon;frühstücksspeck;bacon;pancetta croccante;ベーコン;カリカリベーコン,american,nonveg,piece,"1 medium slice, cooked (8 g)",8,0.1,0.0,2.7,2.8,37,unknown,"USDA FDC 2705889 (FNDDS 2021-2023: Pork bacon, smoked or cured, cooked); per-100 g x 8 g",per100g_scaled,Unit weight is the USDA FNDDS portion weight for this food. No GI value assigned (mixed dish or no matching Atkinson 2008 entry).
us_mac_cheese_cup,Macaroni and cheese,,,,Macarrones con queso,Macaroni au fromage,Makkaroni mit Käse,Maccheroni al formaggio,マカロニチーズ,mac and cheese;macaroni and cheese;mac n cheese;mac & cheese;macaroni cheese;baked mac and cheese,macarrones con queso;mac and cheese;macaroni au fromage;mac and cheese;makkaroni mit käse;mac and cheese;käsemakkaroni;maccheroni al formaggio;mac and cheese;マカロニチーズ;マカロニアンドチーズ,american,staple,cup,1 cup (230 g),230,40.7,2.5,12.5,13.9,347,unknown,"USDA FDC 2708812 (FNDDS 2021-2023: Macaroni or noodles with cheese, from restaurant); per-100 g x 230 g",per100g_scaled,Restaurant style. A side serving is often 1/2 cup. Unit weight is the USDA FNDDS portion weight for this food. No GI value assigned (mixed dish or no matching Atkinson 2008 entry).
us_fried_chicken_piece,Fried chicken (piece),,,,Pollo frito (pieza),Poulet frit (morceau),Frittiertes Hähnchen (Stück),Pollo fritto (pezzo),フライドチキン（1ピース）,fried chicken;southern fried chicken;crispy fried chicken;fried chicken drumstick;fried chicken thigh;fried chicken wing;fried chicken breast;breaded chicken,pollo frito;pollo rebozado;poulet frit;poulet pané;frittiertes hähnchen;brathähnchen paniert;fried chicken;pollo fritto;pollo impanato;フライドチキン;骨付きフライドチキン,american,nonveg,piece,"1 piece, coating eaten (85 g edible)",85,5.9,0.2,18.5,12.8,213,unknown,"USDA FDC 2705949 (FNDDS 2021-2023: Chicken, NS as to part, fried, coated, skin / coating eaten); per-100 g x 85 g",per100g_scaled,Unit weight is the USDA FNDDS portion weight for this food. No GI value assigned (mixed dish or no matching Atkinson 2008 entry).
us_fried_okra_cup,Fried okra,,,,Okra frita,Gombo frit,Frittierte Okra,Okra fritta,オクラのフライ,fried okra;breaded okra;southern fried okra;okra fried,okra frita;quimbombó frito;gombo frit;okra frit;frittierte okra;okra frittiert;okra fritta;gombo fritto;オクラのフライ;オクラフライ,american,veg,cup,1 cup (~125 g: okra + cornmeal breading + oil),125,15.9,4.0,3.1,10.5,179,unknown,Recipe-derived: okra_cooked 100 g [FDC 2709944] + cornmeal 15 g [FDC 168867] + oil 10 g [FDC 171017],recipe_derived,"USDA has no breaded fried okra; recipe of USDA cooked okra, cornmeal breading and absorbed frying oil (oil uptake is an assumption). No GI value assigned (mixed dish or no matching Atkinson 2008 entry)."
us_steak_serving,Steak,,,,Filete de ternera,Steak,Steak,Bistecca,ステーキ,steak;beef steak;grilled steak;sirloin steak;ribeye steak;rib eye steak;new york strip;t-bone steak;filet mignon,filete;bistec;chuletón;entrecot;steak;bifteck;entrecôte;steak;rindersteak;rumpsteak;bistecca;filetto di manzo;entrecôte;ステーキ;ビーフステーキ,american,nonveg,serving,"1 regular steak, cooked (160 g)",160,0.0,0.0,43.1,20.8,368,unknown,"USDA FDC 2705823 (FNDDS 2021-2023: Steak, NS as to type of meat, NS as to fat eaten); per-100 g x 160 g",per100g_scaled,No carbohydrate. Unit weight is the USDA FNDDS portion weight for this food. No GI value assigned (mixed dish or no matching Atkinson 2008 entry).
us_mashed_potatoes_serving,Mashed potatoes,,,,Puré de patatas,Purée de pommes de terre,Kartoffelpüree,Purè di patate,マッシュポテト,mashed potatoes;mashed potato;potato mash;whipped potatoes,puré de patatas;puré de papas;purée;purée de pommes de terre;kartoffelpüree;kartoffelbrei;purè di patate;purea di patate;マッシュポテト,american,veg,serving,1/2 cup (125 g),125,20.5,1.5,2.7,5.1,142,unknown,"USDA FDC 2709496 (FNDDS 2021-2023: Potato, mashed, from fresh, made with milk); per-100 g x 125 g",per100g_scaled,Made with milk. Gravy adds roughly 3 g carbohydrate per 1/4 cup. Unit weight is the USDA FNDDS portion weight for this food. No GI value assigned (mixed dish or no matching Atkinson 2008 entry).
us_corn_cob_piece,Corn on the cob,,,,Mazorca de maíz,Épi de maïs,Maiskolben,Pannocchia di mais,とうもろこし（1本）,corn on the cob;corn cob;sweet corn;buttered corn;ear of corn,mazorca;mazorca de maíz;elote;épi de maïs;maïs en épi;maiskolben;gegrillter mais;pannocchia;pannocchia di mais;とうもろこし;焼きとうもろこし,american,veg,piece,1 regular ear (108 g edible),108,17.1,2.1,3.4,5.9,129,unknown,"USDA FDC 2709909 (FNDDS 2021-2023: Corn, cooked, from restaurant); per-100 g x 108 g",per100g_scaled,Restaurant style (fat added). Unit weight is the USDA FNDDS portion weight for this food. No GI value assigned (mixed dish or no matching Atkinson 2008 entry).
us_coleslaw_serving,Coleslaw,,,,Ensalada de col (coleslaw),Salade de chou (coleslaw),Krautsalat (Coleslaw),Insalata di cavolo (coleslaw),コールスロー,coleslaw;cole slaw;slaw;cabbage slaw,ensalada de col;coleslaw;salade de chou;coleslaw;krautsalat;coleslaw;insalata di cavolo;coleslaw;コールスロー,american,veg,serving,1/2 cup (110 g),110,9.4,2.1,1.0,8.8,129,unknown,USDA FDC 2709815 (FNDDS 2021-2023: Coleslaw); per-100 g x 110 g,per100g_scaled,Unit weight is the USDA FNDDS portion weight for this food. No GI value assigned (mixed dish or no matching Atkinson 2008 entry).
us_caesar_salad_serving,Caesar salad (no dressing),,,,Ensalada César (sin aliño),Salade César (sans sauce),Caesar Salad (ohne Dressing),Insalata Caesar (senza condimento),シーザーサラダ（ドレッシングなし）,caesar salad;chicken caesar salad;romaine salad,ensalada césar;salade césar;caesar salad;cäsarsalat;insalata caesar;シーザーサラダ,american,veg,serving,1 side salad without dressing (113 g),113,6.4,2.0,4.5,3.9,87,unknown,"USDA FDC 2709591 (FNDDS 2021-2023: Caesar salad, with romaine, no dressing); per-100 g x 113 g",per100g_scaled,Dressing not included: creamy dressing adds fat and about 1 g carbohydrate per tablespoon. Unit weight is the USDA FNDDS portion weight for this food. No GI value assigned (mixed dish or no matching Atkinson 2008 entry).
us_grilled_chicken_piece,Grilled chicken breast,,,,Pechuga de pollo a la plancha,Blanc de poulet grillé,Gegrillte Hähnchenbrust,Petto di pollo alla griglia,グリルチキン（胸肉）,grilled chicken;grilled chicken breast;chicken breast;baked chicken breast;roast chicken breast,pechuga de pollo;pollo a la plancha;blanc de poulet;poulet grillé;hähnchenbrust;gegrilltes hähnchen;petto di pollo;pollo alla griglia;グリルチキン;鶏むね肉のグリル,american,nonveg,piece,"1 medium breast, skin not eaten (120 g)",120,0.0,0.0,35.5,6.5,211,unknown,"USDA FDC 2705968 (FNDDS 2021-2023: Chicken breast, grilled without sauce, skin not eaten); per-100 g x 120 g",per100g_scaled,No carbohydrate. Unit weight is the USDA FNDDS portion weight for this food. No GI value assigned (mixed dish or no matching Atkinson 2008 entry).
us_hot_dog_piece,Hot dog (in a bun),,,,Perrito caliente,Hot-dog,Hotdog im Brötchen,Hot dog nel panino,ホットドッグ,hot dog;hotdog;frankfurter;hot dog sandwich;wiener;frank in a bun,perrito caliente;perrito;hot dog;hot-dog;hot dog;hotdog;hot dog;würstchen im brötchen;hot dog;panino con würstel;ホットドッグ,american,nonveg,piece,1 hot dog in a white bun (102 g),102,23.4,0.8,11.1,17.7,302,unknown,"USDA FDC 2707056 (FNDDS 2021-2023: Hot dog sandwich, NFS, on white bun); per-100 g x 102 g",per100g_scaled,Unit weight is the USDA FNDDS portion weight for this food. No GI value assigned (mixed dish or no matching Atkinson 2008 entry).
us_cola_can,Cola (regular),,,,Refresco de cola,Cola,Cola,Cola,コーラ,cola;coke;coca cola;pepsi;soda;soft drink;regular soda,refresco de cola;coca-cola;refresco;cola;coca-cola;soda;cola;coca-cola;softdrink;cola;coca-cola;bibita gassata;コーラ;コカ・コーラ;炭酸飲料,american,beverage,serving,"1 can, 12 fl oz (372 g)",372,38.5,0.0,0.0,0.9,156,unknown,"USDA FDC 2710541 (FNDDS 2021-2023: Soft drink, cola); per-100 g x 372 g",per100g_scaled,Sugar-sweetened. A medium fountain drink is 512 g (USDA). Unit weight is the USDA FNDDS portion weight for this food. No GI value assigned (mixed dish or no matching Atkinson 2008 entry).
us_diet_cola_can,Diet cola,,,,Refresco de cola light,Cola light,Cola light,Cola light,ダイエットコーラ,diet coke;diet cola;coke zero;pepsi zero;diet soda;zero sugar soda;diet pepsi,cola light;coca-cola zero;refresco sin azúcar;cola light;coca-cola zéro;soda light;cola light;cola zero;zuckerfreie cola;cola light;coca-cola zero;bibita senza zucchero;ダイエットコーラ;コーラゼロ;ゼロコーラ,american,beverage,serving,"1 can, 12 fl oz (360 g)",360,1.0,0.0,0.4,0.1,7,unknown,"USDA FDC 2710542 (FNDDS 2021-2023: Soft drink, cola, diet); per-100 g x 360 g",per100g_scaled,Unit weight is the USDA FNDDS portion weight for this food. No GI value assigned (mixed dish or no matching Atkinson 2008 entry).
us_orange_juice_glass,Orange juice,,,,Zumo de naranja,Jus d'orange,Orangensaft,Succo d'arancia,オレンジジュース,orange juice;fresh orange juice;glass of orange juice,zumo de naranja;jugo de naranja;jus d'orange;orangensaft;o-saft;succo d'arancia;spremuta d'arancia;オレンジジュース,american,beverage,glass,"1 cup, 8 fl oz (248 g)",248,24.5,0.7,1.9,0.8,117,unknown,"USDA FDC 2709186 (FNDDS 2021-2023: Orange juice, 100%, NFS); per-100 g x 248 g",per100g_scaled,100% juice. Unit weight is the USDA FNDDS portion weight for this food. No GI value assigned (mixed dish or no matching Atkinson 2008 entry).
us_apple_pie_slice,Apple pie (slice),,,,Tarta de manzana (porción),Tarte aux pommes (part),Apple Pie (Stück),Torta di mele americana (fetta),アップルパイ（1切れ）,apple pie;apple pie slice;slice of apple pie,tarta de manzana;pastel de manzana;tarte aux pommes;apple pie;apple pie;amerikanischer apfelkuchen;torta di mele;apple pie;アップルパイ,american,sweet,piece,1 regular slice (150 g),150,53.6,2.7,4.1,22.9,444,unknown,"USDA FDC 2707995 (FNDDS 2021-2023: Pie, apple); per-100 g x 150 g",per100g_scaled,Unit weight is the USDA FNDDS portion weight for this food. No GI value assigned (mixed dish or no matching Atkinson 2008 entry).
us_ice_cream_serving,Ice cream,,,,Helado,Glace,Speiseeis,Gelato,アイスクリーム,ice cream;vanilla ice cream;scoop of ice cream;chocolate ice cream;ice cream scoop,helado;helado de vainilla;glace;crème glacée;glace vanille;eis;eiscreme;vanilleeis;gelato;gelato alla vaniglia;アイスクリーム;アイス;バニラアイス,american,sweet,serving,1/2 cup (68 g),67.5,17.3,0.5,2.4,7.6,149,unknown,"USDA FDC 2705629 (FNDDS 2021-2023: Ice cream, NFS); per-100 g x 67.5 g",per100g_scaled,USDA 1 cup = 135 g; a scoop in USDA is 120 g. Unit weight is the USDA FNDDS portion weight for this food. No GI value assigned (mixed dish or no matching Atkinson 2008 entry).
us_cookie_piece,Chocolate chip cookie,,,,Galleta con pepitas de chocolate,Cookie aux pépites de chocolat,Chocolate-Chip-Cookie,Biscotto con gocce di cioccolato,チョコチップクッキー,chocolate chip cookie;cookie;cookies;choc chip cookie,galleta con chocolate;cookie;cookie;cookie au chocolat;cookie;schokokeks;cookie;biscotto al cioccolato;クッキー;チョコチップクッキー,american,sweet,piece,1 medium cookie (30 g),30,19.0,0.6,1.5,7.4,148,unknown,"USDA FDC 2707909 (FNDDS 2021-2023: Cookie, chocolate chip); per-100 g x 30 g",per100g_scaled,Unit weight is the USDA FNDDS portion weight for this food. No GI value assigned (mixed dish or no matching Atkinson 2008 entry).
us_doughnut_piece,Doughnut,,,,Dónut,Donut,Donut,Ciambella (donut),ドーナツ,doughnut;donut;glazed donut;glazed doughnut;ring donut,dónut;donut;rosquilla;donut;beignet américain;donut;krapfen-ring;ciambella;donut;ドーナツ;ドーナッツ,american,sweet,piece,1 doughnut (75 g),75,35.8,1.4,4.1,17.1,320,unknown,"USDA FDC 2708062 (FNDDS 2021-2023: Doughnut, NFS); per-100 g x 75 g",per100g_scaled,Unit weight is the USDA FNDDS portion weight for this food. No GI value assigned (mixed dish or no matching Atkinson 2008 entry).
us_waffle_piece,Waffle,,,,Gofre,Gaufre,Waffel,Waffle,ワッフル,waffle;waffles;belgian waffle;buttermilk waffle,gofre;waffle;gaufre;gaufre belge;waffel;belgische waffel;waffle;cialda;ワッフル;ベルギーワッフル,american,breakfast,piece,1 medium waffle (75 g),75,29.3,1.9,6.5,14.1,280,unknown,"USDA FDC 2708325 (FNDDS 2021-2023: Waffle, plain); per-100 g x 75 g",per100g_scaled,Syrup and butter are separate items. Unit weight is the USDA FNDDS portion weight for this food. No GI value assigned (mixed dish or no matching Atkinson 2008 entry).
us_dill_pickle_piece,Dill pickle (spear),,,,Pepinillo encurtido al eneldo,Cornichon à l'aneth,Dillgurke,Cetriolino all'aneto,ディルピクルス,dill pickle;pickle spear;dill pickle spear;gherkin;kosher dill,pepinillo;pepinillo en vinagre;cornichon;cornichon à l'aneth;dillgurke;gewürzgurke;cetriolino;cetriolino sottaceto;ディルピクルス;きゅうりのピクルス,american,accompaniment,piece,1 spear (40 g),40,0.4,0.4,0.2,0.2,6,unknown,"USDA FDC 2710078 (FNDDS 2021-2023: Pickles, dill); per-100 g x 40 g",per100g_scaled,Unit weight is the USDA FNDDS portion weight for this food. No GI value assigned (mixed dish or no matching Atkinson 2008 entry).
us_tomato_slices_serving,Sliced tomato,,,,Tomate en rodajas,Tomate en tranches,Tomatenscheiben,Pomodoro a fette,スライストマト,tomato slices;sliced tomato;tomato slice;sliced tomatoes;tomatoes,tomate en rodajas;rodajas de tomate;tomate en tranches;tranches de tomate;tomatenscheiben;tomate in scheiben;pomodoro a fette;fette di pomodoro;スライストマト;トマトスライス,american,veg,serving,3 slices (60 g),60,1.7,0.7,0.5,0.2,12,unknown,"USDA FDC 2709719 (FNDDS 2021-2023: Tomatoes, raw); per-100 g x 60 g",per100g_scaled,Unit weight is the USDA FNDDS portion weight for this food. No GI value assigned (mixed dish or no matching Atkinson 2008 entry).
us_carrots_raw_serving,Raw carrots,,,,Zanahoria cruda,Carottes crues,Rohe Karotten,Carote crude,生のにんじん,raw carrots;carrot sticks;shredded carrots;baby carrots;carrots,zanahoria rallada;zanahorias crudas;palitos de zanahoria;carottes râpées;carottes crues;bâtonnets de carotte;karottenstifte;geraspelte karotten;rohe möhren;carote crude;carote grattugiate;bastoncini di carota;にんじんスティック;生にんじん;千切りにんじん,american,veg,serving,1/2 cup (60 g),60,4.1,1.7,0.5,0.1,26,unknown,"USDA FDC 2709660 (FNDDS 2021-2023: Carrots, raw); per-100 g x 60 g",per100g_scaled,Unit weight is the USDA FNDDS portion weight for this food. No GI value assigned (mixed dish or no matching Atkinson 2008 entry).
us_butter_pat,Butter (pat),,,,Mantequilla (porción),Beurre (noisette),Butter (Portion),Burro (porzione),バター（1かけ）,butter;butter pat;pat of butter;whipped butter;butter balls;salted butter,mantequilla;beurre;noisette de beurre;butter;butterflocke;burro;ricciolo di burro;バター,american,accompaniment,serving,1 pat (7 g),7,0.0,0.0,0.1,5.8,52,unknown,"USDA FDC 2710155 (FNDDS 2021-2023: Butter, stick); per-100 g x 7 g",per100g_scaled,Almost pure fat; no carbohydrate. Unit weight is the USDA FNDDS portion weight for this food. No GI value assigned (mixed dish or no matching Atkinson 2008 entry).
us_lettuce_serving,Lettuce,,,,Lechuga,Laitue,Kopfsalat,Lattuga,レタス,lettuce;lettuce leaf;lettuce leaves;iceberg lettuce;romaine lettuce;shredded lettuce,lechuga;hojas de lechuga;laitue;feuilles de laitue;kopfsalat;salatblätter;eisbergsalat;lattuga;foglie di lattuga;レタス,american,veg,serving,1 cup shredded (35 g),35,0.8,0.5,0.3,0.0,7,unknown,"USDA FDC 2709789 (FNDDS 2021-2023: Lettuce, raw); per-100 g x 35 g",per100g_scaled,Unit weight is the USDA FNDDS portion weight for this food. No GI value assigned (mixed dish or no matching Atkinson 2008 entry).
us_mixed_berries_serving,Mixed berries,,,,Frutos rojos variados,Fruits rouges mélangés,Gemischte Beeren,Frutti di bosco misti,ミックスベリー,mixed berries;berries;blueberries;raspberries;blackberries;berry bowl,frutos rojos;frutos del bosque;arándanos;fruits rouges;baies;myrtilles;beeren;gemischte beeren;heidelbeeren;frutti di bosco;mirtilli;lamponi;ミックスベリー;ベリー;ブルーベリー,american,fruit,serving,"1/2 cup (75 g: blueberries, raspberries, blackberries)",75,5.7,3.6,0.8,0.2,41,unknown,Recipe-derived: blueberries 25 g [FDC 2709275] + raspberries 25 g [FDC 2709281] + blackberries 25 g [FDC 2709273],recipe_derived,Equal parts of three USDA raw berries. No GI value assigned (mixed dish or no matching Atkinson 2008 entry).
us_sauteed_vegetables_serving,"Sauteed vegetables (bok choy, sweet peppers)",,,,"Verduras salteadas (bok choy, pimiento)","Légumes sautés (bok choy, poivron)","Gebratenes Gemüse (Pak Choi, Paprika)","Verdure saltate (pak choi, peperoni)",野菜炒め（チンゲンサイ・パプリカ）,sauteed vegetables;sautéed vegetables;stir-fried vegetables;stir fried vegetables;stir fry vegetables;vegetable stir fry;stir-fried greens;sauteed greens;sautéed greens;bok choy;sweet peppers,salteado de bok choy;bok choy salteado;bok choy sauté;poivrons sautés;gebratener pak choi;pak choi mit paprika;pak choi saltato;peperoni saltati;チンゲンサイ炒め;パプリカ炒め,american,veg,serving,"1/2 cup (~85 g, cooked with fat)",85,2.3,0.9,1.1,2.4,37,unknown,Recipe-derived: bok_choy_cooked_fat 55 g [FDC 2709888] + red_pepper_cooked 30 g [FDC 2709977],recipe_derived,"USDA cooked bok choy and sweet red pepper, fat added. No GI value assigned (mixed dish or no matching Atkinson 2008 entry)."
us_mixed_vegetables_serving,"Mixed vegetables (corn, peas, carrots, beans)",,,,"Menestra de verduras (maíz, guisantes, zanahoria)",Macédoine de légumes,"Gemischtes Gemüse (Mais, Erbsen, Karotten)","Verdure miste (mais, piselli, carote)",ミックスベジタブル,mixed vegetables;classic mixed vegetables;peas and carrots;vegetable medley,menestra;macedonia de verduras;macédoine;macédoine de légumes;buttergemüse;erbsen und möhren;macedonia di verdure;piselli e carote;ミックスベジタブル,american,veg,serving,1/2 cup (93 g),93,8.3,3.2,2.6,4.4,93,unknown,"USDA FDC 2710012 (FNDDS 2021-2023: Classic mixed vegetables, cooked, from restaurant); per-100 g x 93 g",per100g_scaled,Restaurant style (fat added). Unit weight is the USDA FNDDS portion weight for this food. No GI value assigned (mixed dish or no matching Atkinson 2008 entry).
us_sweet_tea_glass,Sweet tea (iced),,,,Té helado endulzado,Thé glacé sucré,Eistee gesüßt,Tè freddo zuccherato,甘いアイスティー,sweet tea;iced tea;sweetened iced tea;southern sweet tea,té helado;té frío endulzado;thé glacé;thé froid sucré;eistee;süßer eistee;tè freddo;tè freddo dolce;アイスティー;甘いアイスティー,american,beverage,glass,"1 glass, 12 fl oz (~360 g) with ~22 g sugar",360,23.0,0.0,0.0,0.0,89,unknown,Recipe-derived: iced_tea 338 g [FDC 2710517] + sugar 22 g [FDC 169655],recipe_derived,USDA has no brewed sweet tea; USDA brewed iced tea plus ~22 g sugar per 12 fl oz (an assumption; restaurant sweet tea varies). Choose unsweetened iced tea if no sugar was added. No GI value assigned (mixed dish or no matching Atkinson 2008 entry).
us_unsweet_tea_glass,Iced tea (unsweetened),,,,Té helado sin azúcar,Thé glacé sans sucre,Eistee ungesüßt,Tè freddo senza zucchero,無糖アイスティー,unsweetened iced tea;unsweet tea;unsweet iced tea;iced tea no sugar,té helado sin azúcar;thé glacé sans sucre;ungesüßter eistee;tè freddo senza zucchero;無糖アイスティー,american,beverage,glass,"1 glass, 12 fl oz (360 g)",360,1.1,0.0,0.0,0.0,4,unknown,"USDA FDC 2710517 (FNDDS 2021-2023: Tea, iced, brewed, black, unsweetened); per-100 g x 360 g",per100g_scaled,Unit weight is the USDA FNDDS portion weight for this food. No GI value assigned (mixed dish or no matching Atkinson 2008 entry).
us_bagel_piece,Bagel,,,,Bagel,Bagel,Bagel,Bagel,ベーグル,bagel;plain bagel;wheat bagel;bagel with cream cheese,bagel;bagel con queso crema;bagel;bagel au cream cheese;bagel;bagel mit frischkäse;bagel;bagel con formaggio spalmabile;ベーグル;クリームチーズベーグル,american,staple,piece,1 regular bagel (105 g),105,47.0,4.3,10.7,1.6,262,unknown,"USDA FDC 2707732 (FNDDS 2021-2023: Bagel, wheat); per-100 g x 105 g",per100g_scaled,Cream cheese adds fat (about 1 g carbohydrate per tablespoon). Unit weight is the USDA FNDDS portion weight for this food. No GI value assigned (mixed dish or no matching Atkinson 2008 entry).
